booking_id,day_of_week,booking_hour,route_segment,seat_type,num_seats,has_meal,advance_days,month,is_weekend,is_peak_hour,confirmed,confirmation_probability
BK000000,Sunday,22,Ahmedabad-Mumbai,lower,1,1,8,7,1,0,1,0.7890961299517008
BK000001,Thursday,9,Ahmedabad-Surat,upper,4,1,15,10,0,1,1,0.9130286848551992
BK000002,Friday,18,Vadodara-Mumbai,lower,3,1,10,6,0,1,1,0.7791548945904199
BK000003,Sunday,16,Ahmedabad-Mumbai,upper,3,0,6,1,1,0,0,0.45928301143269745
BK000004,Wednesday,4,Surat-Mumbai,lower,3,1,9,3,0,0,1,0.8500545734616732
BK000005,Friday,3,Vadodara-Mumbai,lower,3,1,9,2,0,0,1,1.0
BK000006,Friday,9,Surat-Mumbai,upper,1,0,29,6,0,1,1,0.8964413758328573
BK000007,Sunday,23,Vadodara-Mumbai,lower,1,1,24,8,1,0,1,0.8562193687065283
BK000008,Tuesday,16,Ahmedabad-Surat,lower,3,0,19,3,0,0,1,0.8767462301982178
BK000009,Wednesday,9,Ahmedabad-Mumbai,lower,1,0,17,10,0,1,1,0.8111827021004114
BK000010,Sunday,16,Vadodara-Mumbai,upper,2,1,27,8,1,0,1,0.9031372790447691
BK000011,Wednesday,19,Ahmedabad-Vadodara,lower,1,1,23,8,0,1,1,0.9748013457388278
BK000012,Wednesday,23,Ahmedabad-Vadodara,lower,1,1,19,5,0,0,1,1.0
BK000013,Friday,4,Vadodara-Mumbai,upper,2,0,28,8,0,0,1,0.7598304105611925
BK000014,Thursday,1,Vadodara-Mumbai,upper,2,1,8,6,0,0,1,0.8117019262288454
BK000015,Wednesday,5,Vadodara-Mumbai,upper,2,1,14,5,0,0,1,0.9366700345970326
BK000016,Saturday,20,Ahmedabad-Vadodara,lower,2,1,3,9,1,1,1,0.7372921654072111
BK000017,Friday,1,Ahmedabad-Vadodara,lower,1,1,7,7,0,0,1,0.8708491775555728
BK000018,Tuesday,12,Vadodara-Mumbai,lower,1,0,8,8,0,0,1,0.9797173125105724
BK000019,Thursday,10,Surat-Mumbai,upper,3,0,12,1,0,1,1,0.8974873028883684
BK000020,Saturday,10,Surat-Mumbai,lower,2,1,8,11,1,1,1,0.6690848612414829
BK000021,Saturday,15,Ahmedabad-Surat,lower,1,1,25,2,1,0,1,0.9575332917425947
BK000022,Tuesday,10,Ahmedabad-Mumbai,upper,3,1,3,8,0,1,1,0.7722880721100074
BK000023,Thursday,18,Surat-Mumbai,upper,1,1,16,12,0,1,1,1.0
BK000024,Friday,14,Ahmedabad-Vadodara,upper,2,1,15,9,0,0,1,1.0
BK000025,Monday,22,Surat-Mumbai,upper,1,0,14,4,0,0,1,0.9360035835172389
BK000026,Thursday,22,Ahmedabad-Surat,upper,3,1,2,12,0,0,1,0.7230844375946582
BK000027,Tuesday,15,Ahmedabad-Surat,lower,2,0,24,10,0,0,1,0.9195667514391797
BK000028,Saturday,10,Ahmedabad-Mumbai,upper,1,1,19,11,1,1,1,0.7021087402633115
BK000029,Friday,21,Surat-Mumbai,lower,3,1,4,10,0,0,1,0.8842097912514886
BK000030,Thursday,15,Ahmedabad-Vadodara,lower,2,1,22,9,0,0,1,1.0
BK000031,Monday,7,Ahmedabad-Vadodara,upper,1,1,4,4,0,0,1,0.8148500184305305
BK000032,Monday,3,Vadodara-Mumbai,upper,1,0,19,10,0,0,1,0.9191905884949241
BK000033,Wednesday,7,Ahmedabad-Vadodara,upper,1,0,14,10,0,0,1,0.8590428196290478
BK000034,Wednesday,3,Ahmedabad-Mumbai,lower,1,0,17,10,0,0,1,0.8613295164964385
BK000035,Sunday,23,Ahmedabad-Mumbai,upper,2,1,14,9,1,0,1,0.793111266732436
BK000036,Tuesday,2,Ahmedabad-Vadodara,upper,3,1,1,11,0,0,1,0.8786388861350973
BK000037,Thursday,2,Ahmedabad-Vadodara,upper,2,1,28,7,0,0,1,1.0
BK000038,Thursday,17,Vadodara-Mumbai,upper,1,0,12,2,0,0,1,1.0
BK000039,Sunday,18,Ahmedabad-Vadodara,upper,1,1,3,9,1,1,1,0.5724343854624802
BK000040,Saturday,18,Vadodara-Mumbai,lower,1,1,9,4,1,1,1,0.9324230948969698
BK000041,Saturday,20,Vadodara-Mumbai,lower,2,1,12,8,1,1,1,0.8412294324281366
BK000042,Sunday,4,Ahmedabad-Vadodara,lower,3,1,9,7,1,0,1,0.7758512202070867
BK000043,Saturday,17,Ahmedabad-Surat,upper,1,1,28,7,1,0,1,0.7701853838764544
BK000044,Wednesday,9,Ahmedabad-Surat,upper,3,1,8,8,0,1,1,0.8003991800653134
BK000045,Thursday,21,Vadodara-Mumbai,upper,3,0,7,1,0,0,1,0.8036624710344576
BK000046,Sunday,20,Ahmedabad-Vadodara,lower,2,1,2,5,1,1,1,0.6599536024687317
BK000047,Thursday,5,Ahmedabad-Surat,upper,3,0,15,2,0,0,1,0.8963163982693615
BK000048,Monday,0,Ahmedabad-Vadodara,upper,2,1,13,2,0,0,1,0.8771457053327287
BK000049,Wednesday,4,Ahmedabad-Vadodara,upper,2,1,8,1,0,0,1,1.0
BK000050,Friday,8,Ahmedabad-Vadodara,lower,2,1,29,5,0,0,1,0.8084364518833771
BK000051,Wednesday,11,Surat-Mumbai,upper,2,1,20,2,0,1,1,0.8325964037319041
BK000052,Sunday,13,Ahmedabad-Vadodara,lower,1,1,10,4,1,0,1,0.9380260045626994
BK000053,Friday,1,Surat-Mumbai,upper,1,1,2,3,0,0,1,0.7438289696623961
BK000054,Monday,16,Vadodara-Mumbai,lower,1,1,4,3,0,0,1,0.9469010723340804
BK000055,Sunday,13,Ahmedabad-Surat,lower,2,1,28,2,1,0,1,0.7705093896435755
BK000056,Tuesday,12,Ahmedabad-Surat,lower,1,1,9,6,0,0,1,1.0
BK000057,Thursday,8,Ahmedabad-Surat,upper,4,1,12,2,0,0,1,0.9215591427725989
BK000058,Monday,14,Ahmedabad-Surat,upper,3,1,3,8,0,0,1,0.8288130786432941
BK000059,Thursday,21,Ahmedabad-Surat,lower,2,1,23,8,0,0,1,0.8322351657886724
BK000060,Saturday,14,Ahmedabad-Surat,lower,1,1,12,12,1,0,1,0.7550738399764823
BK000061,Tuesday,23,Ahmedabad-Surat,upper,3,1,11,5,0,0,1,1.0
BK000062,Tuesday,10,Vadodara-Mumbai,upper,3,0,4,10,0,1,1,0.5308890026301548
BK000063,Monday,15,Ahmedabad-Vadodara,lower,3,0,9,7,0,0,1,0.9259031008341376
BK000064,Tuesday,16,Ahmedabad-Mumbai,upper,1,1,27,4,0,0,1,1.0
BK000065,Friday,3,Surat-Mumbai,upper,2,0,23,1,0,0,1,0.7434293773996733
BK000066,Tuesday,0,Ahmedabad-Mumbai,upper,1,1,8,11,0,0,1,0.9295512223550066
BK000067,Thursday,7,Ahmedabad-Mumbai,upper,1,1,19,2,0,0,1,1.0
BK000068,Thursday,16,Ahmedabad-Vadodara,lower,3,1,6,10,0,0,1,0.9396345903801863
BK000069,Sunday,2,Ahmedabad-Vadodara,upper,3,1,1,10,1,0,1,0.8247443044572231
BK000070,Thursday,19,Ahmedabad-Vadodara,upper,2,1,21,4,0,1,1,0.8708626560196755
BK000071,Sunday,14,Ahmedabad-Surat,lower,3,1,23,1,1,0,1,0.9385330847580173
BK000072,Thursday,14,Vadodara-Mumbai,lower,2,1,27,8,0,0,1,0.8407237559299703
BK000073,Friday,23,Ahmedabad-Surat,upper,2,1,22,9,0,0,1,1.0
BK000074,Sunday,21,Vadodara-Mumbai,upper,1,1,6,4,1,0,1,0.8893059702107959
BK000075,Wednesday,13,Vadodara-Mumbai,upper,4,0,7,10,0,0,1,0.5791186873637513
BK000076,Saturday,22,Ahmedabad-Mumbai,upper,1,1,6,3,1,0,1,0.689826937440932
BK000077,Monday,13,Ahmedabad-Mumbai,lower,4,1,20,2,0,0,1,0.83004649925203
BK000078,Thursday,23,Vadodara-Mumbai,lower,3,1,22,5,0,0,1,0.8815152796694539
BK000079,Tuesday,1,Vadodara-Mumbai,lower,1,1,28,3,0,0,1,1.0
BK000080,Thursday,12,Ahmedabad-Surat,upper,2,1,13,10,0,0,1,0.9134946821495777
BK000081,Tuesday,13,Ahmedabad-Surat,upper,3,1,25,7,0,0,1,0.8265190901440275
BK000082,Saturday,23,Ahmedabad-Mumbai,upper,2,1,18,11,1,0,1,0.8026676574336713
BK000083,Saturday,18,Ahmedabad-Vadodara,upper,4,0,4,6,1,1,1,0.6444150002723841
BK000084,Saturday,6,Vadodara-Mumbai,lower,4,0,22,1,1,0,1,0.7689050785777609
BK000085,Tuesday,2,Ahmedabad-Surat,lower,2,1,24,12,0,0,1,0.9248482839218473
BK000086,Thursday,14,Ahmedabad-Mumbai,upper,1,1,17,8,0,0,1,0.899961554049181
BK000087,Saturday,22,Ahmedabad-Surat,lower,4,1,19,2,1,0,1,0.9958530391851084
BK000088,Friday,13,Vadodara-Mumbai,upper,2,1,11,5,0,0,1,1.0
BK000089,Sunday,10,Vadodara-Mumbai,upper,1,1,22,9,1,1,1,0.7544431907352759
BK000090,Tuesday,14,Surat-Mumbai,lower,1,1,16,8,0,0,1,0.8710206087163568
BK000091,Tuesday,12,Ahmedabad-Vadodara,upper,2,0,12,2,0,0,1,0.6969876672132673
BK000092,Thursday,17,Surat-Mumbai,upper,4,1,1,9,0,0,1,0.6861134448516601
BK000093,Tuesday,5,Ahmedabad-Mumbai,lower,3,0,24,5,0,0,1,0.8542305750843264
BK000094,Tuesday,2,Ahmedabad-Surat,upper,2,0,12,10,0,0,1,0.9586290263616477
BK000095,Saturday,18,Ahmedabad-Mumbai,upper,1,1,25,6,1,1,1,0.8190230284017954
BK000096,Thursday,14,Vadodara-Mumbai,lower,1,0,6,3,0,0,1,0.8328836447368592
BK000097,Saturday,22,Surat-Mumbai,upper,3,0,27,3,1,0,1,0.7137659859579424
BK000098,Sunday,4,Surat-Mumbai,lower,1,0,9,10,1,0,1,0.8425750637303476
BK000099,Sunday,9,Surat-Mumbai,upper,1,1,22,8,1,1,1,0.8895618211859503
BK000100,Saturday,6,Ahmedabad-Mumbai,lower,1,1,5,11,1,0,1,0.6521891117710016
BK000101,Sunday,16,Vadodara-Mumbai,lower,2,1,2,10,1,0,1,0.6583648176927435
BK000102,Thursday,6,Ahmedabad-Surat,lower,4,1,25,10,0,0,1,0.9911906469614071
BK000103,Monday,21,Ahmedabad-Surat,upper,1,1,2,12,0,0,1,0.7212089824553098
BK000104,Saturday,11,Ahmedabad-Mumbai,lower,2,1,17,2,1,1,1,0.728462056328887
BK000105,Friday,16,Surat-Mumbai,lower,2,0,10,11,0,0,1,0.8404398398843577
BK000106,Friday,12,Ahmedabad-Vadodara,lower,4,1,21,12,0,0,1,1.0
BK000107,Tuesday,19,Ahmedabad-Mumbai,lower,1,1,19,12,0,1,1,0.9123600687867323
BK000108,Sunday,3,Ahmedabad-Mumbai,lower,2,1,4,2,1,0,1,0.794817027134297
BK000109,Friday,9,Vadodara-Mumbai,upper,1,1,18,5,0,1,1,0.8996201855199853
BK000110,Tuesday,2,Ahmedabad-Surat,upper,3,1,21,6,0,0,1,1.0
BK000111,Monday,8,Ahmedabad-Mumbai,upper,2,1,26,12,0,0,1,0.9786244404860325
BK000112,Thursday,12,Ahmedabad-Mumbai,upper,1,1,27,2,0,0,1,1.0
BK000113,Thursday,17,Surat-Mumbai,upper,2,1,18,5,0,0,1,0.9232827657050329
BK000114,Thursday,14,Surat-Mumbai,upper,3,1,29,7,0,0,1,0.9812913259464436
BK000115,Friday,3,Ahmedabad-Vadodara,upper,1,1,14,10,0,0,1,1.0
BK000116,Monday,14,Vadodara-Mumbai,lower,3,1,29,10,0,0,1,0.925214882540142
BK000117,Friday,21,Ahmedabad-Vadodara,upper,1,1,15,8,0,0,1,0.8932936131062444
BK000118,Sunday,1,Surat-Mumbai,lower,2,0,23,12,1,0,1,0.6080678220737007
BK000119,Friday,14,Ahmedabad-Surat,lower,2,1,8,7,0,0,1,0.8050014651798899
BK000120,Monday,7,Surat-Mumbai,upper,3,0,3,8,0,0,1,0.7920602792735644
BK000121,Monday,7,Vadodara-Mumbai,lower,1,1,14,12,0,0,1,0.9209424736716083
BK000122,Sunday,16,Surat-Mumbai,lower,3,1,24,9,1,0,1,0.7634520247845304
BK000123,Monday,11,Vadodara-Mumbai,lower,3,1,11,5,0,1,1,0.9408106201278197
BK000124,Monday,18,Vadodara-Mumbai,lower,2,0,22,5,0,1,1,0.6960048339262175
BK000125,Thursday,9,Vadodara-Mumbai,upper,3,1,2,11,0,1,1,0.721813407723551
BK000126,Sunday,8,Vadodara-Mumbai,upper,3,0,22,10,1,0,1,0.6287533195892369
BK000127,Wednesday,4,Vadodara-Mumbai,upper,1,1,13,4,0,0,1,1.0
BK000128,Wednesday,5,Ahmedabad-Surat,upper,1,1,16,9,0,0,1,1.0
BK000129,Monday,19,Ahmedabad-Vadodara,upper,4,1,18,5,0,1,1,0.979136886889501
BK000130,Wednesday,1,Ahmedabad-Mumbai,upper,1,1,5,2,0,0,1,0.8220321245716016
BK000131,Wednesday,23,Ahmedabad-Vadodara,upper,3,1,3,10,0,0,1,0.8787083641121518
BK000132,Monday,12,Vadodara-Mumbai,upper,4,0,6,8,0,0,1,0.573162846616934
BK000133,Wednesday,5,Ahmedabad-Surat,upper,1,1,29,7,0,0,1,0.8525857007775342
BK000134,Friday,4,Surat-Mumbai,upper,2,1,18,8,0,0,1,0.8059918797734084
BK000135,Tuesday,0,Ahmedabad-Surat,lower,2,1,16,12,0,0,1,0.9759805212213681
BK000136,Sunday,20,Vadodara-Mumbai,upper,2,1,24,3,1,1,1,0.7566184715743822
BK000137,Tuesday,21,Ahmedabad-Surat,lower,1,0,15,4,0,0,1,0.8854046046725559
BK000138,Monday,20,Ahmedabad-Surat,lower,1,1,14,5,0,1,1,0.7722389421251659
BK000139,Thursday,5,Vadodara-Mumbai,lower,2,1,21,6,0,0,1,0.9268059858972277
BK000140,Sunday,5,Ahmedabad-Surat,lower,3,1,7,1,1,0,1,0.7654204483602582
BK000141,Monday,22,Ahmedabad-Mumbai,upper,3,0,18,4,0,0,1,0.8128081105902307
BK000142,Thursday,15,Ahmedabad-Mumbai,lower,2,0,7,11,0,0,1,0.7496657618936666
BK000143,Tuesday,3,Ahmedabad-Surat,upper,1,1,17,12,0,0,1,0.9199056893190505
BK000144,Monday,10,Surat-Mumbai,upper,2,1,27,10,0,1,1,0.9639426013445176
BK000145,Sunday,23,Vadodara-Mumbai,lower,1,0,15,5,1,0,1,0.8065293721360357
BK000146,Sunday,22,Ahmedabad-Mumbai,upper,4,1,19,7,1,0,1,0.7632289298289718
BK000147,Saturday,8,Surat-Mumbai,lower,3,1,18,5,1,0,1,0.7710161427561498
BK000148,Friday,22,Ahmedabad-Surat,lower,3,1,9,1,0,0,1,0.9884091393708611
BK000149,Wednesday,2,Surat-Mumbai,upper,4,1,16,11,0,0,1,1.0
BK000150,Thursday,18,Ahmedabad-Vadodara,upper,1,1,12,7,0,1,1,0.8946883346087466
BK000151,Saturday,7,Ahmedabad-Mumbai,lower,3,1,12,8,1,0,1,0.7774901287382776
BK000152,Wednesday,4,Ahmedabad-Surat,upper,1,1,6,7,0,0,1,0.9601034820731801
BK000153,Wednesday,3,Vadodara-Mumbai,upper,4,1,26,11,0,0,1,1.0
BK000154,Monday,23,Ahmedabad-Surat,upper,1,0,9,4,0,0,1,0.8644256461849229
BK000155,Wednesday,5,Vadodara-Mumbai,lower,3,0,1,8,0,0,1,0.6763700585837905
BK000156,Friday,1,Ahmedabad-Surat,lower,3,1,3,5,0,0,1,0.7112769403809188
BK000157,Sunday,19,Surat-Mumbai,upper,1,0,24,10,1,1,1,0.7380407890194532
BK000158,Saturday,10,Surat-Mumbai,upper,1,1,5,9,1,1,1,0.6276227531628666
BK000159,Wednesday,3,Surat-Mumbai,upper,3,0,23,12,0,0,1,0.9786935530023048
BK000160,Monday,14,Ahmedabad-Vadodara,upper,2,0,17,12,0,0,1,0.8240550545785663
BK000161,Friday,5,Vadodara-Mumbai,upper,1,1,22,10,0,0,1,0.995765681856884
BK000162,Tuesday,21,Surat-Mumbai,lower,1,1,5,5,0,0,1,0.8697555362232016
BK000163,Sunday,16,Ahmedabad-Vadodara,upper,1,1,28,1,1,0,1,1.0
BK000164,Sunday,23,Vadodara-Mumbai,lower,3,0,29,12,1,0,1,0.820245429957925
BK000165,Saturday,5,Ahmedabad-Surat,upper,2,0,24,9,1,0,1,0.7153390209393524
BK000166,Sunday,18,Ahmedabad-Vadodara,lower,1,1,22,12,1,1,1,0.8856097797918389
BK000167,Wednesday,1,Ahmedabad-Mumbai,upper,1,1,16,5,0,0,1,1.0
BK000168,Monday,14,Ahmedabad-Vadodara,lower,1,1,13,6,0,0,1,0.9977101146103746
BK000169,Sunday,10,Ahmedabad-Vadodara,upper,1,1,23,4,1,1,1,0.7276947318353052
BK000170,Sunday,7,Vadodara-Mumbai,lower,2,1,10,6,1,0,1,0.8391808790364672
BK000171,Tuesday,18,Ahmedabad-Surat,lower,1,1,25,12,0,1,1,0.8437455761067725
BK000172,Tuesday,12,Ahmedabad-Mumbai,lower,1,1,18,8,0,0,1,1.0
BK000173,Thursday,11,Surat-Mumbai,lower,3,1,29,3,0,1,1,0.820622044048904
BK000174,Friday,4,Surat-Mumbai,lower,1,1,1,5,0,0,1,0.9856792043600117
BK000175,Wednesday,5,Ahmedabad-Vadodara,lower,2,1,27,2,0,0,1,0.9599165870284133
BK000176,Sunday,21,Vadodara-Mumbai,upper,2,1,2,2,1,0,1,0.7394633136028481
BK000177,Sunday,3,Vadodara-Mumbai,lower,2,1,10,7,1,0,1,0.8628821333467983
BK000178,Monday,18,Surat-Mumbai,upper,2,0,5,10,0,1,0,0.48881418509001023
BK000179,Thursday,19,Ahmedabad-Mumbai,upper,2,0,28,10,0,1,1,0.7127463657023823
BK000180,Friday,0,Ahmedabad-Surat,upper,3,1,13,11,0,0,1,0.8297438336832872
BK000181,Thursday,19,Ahmedabad-Mumbai,upper,2,1,18,10,0,1,1,0.9068862132550145
BK000182,Saturday,16,Ahmedabad-Surat,upper,2,0,25,6,1,0,1,0.7140622585601317
BK000183,Friday,11,Surat-Mumbai,lower,3,1,15,4,0,1,1,0.953395491471281
BK000184,Sunday,14,Ahmedabad-Surat,lower,2,1,20,5,1,0,1,0.766141144299811
BK000185,Sunday,0,Vadodara-Mumbai,lower,1,1,21,1,1,0,1,0.7993698175288005
BK000186,Friday,13,Ahmedabad-Vadodara,upper,1,1,23,7,0,0,1,0.9718996692891303
BK000187,Sunday,5,Ahmedabad-Vadodara,lower,1,1,6,8,1,0,1,0.8779756149655144
BK000188,Wednesday,4,Surat-Mumbai,lower,3,0,29,9,0,0,1,0.8931265445037235
BK000189,Friday,10,Vadodara-Mumbai,lower,3,0,26,8,0,1,1,0.7256770874378756
BK000190,Thursday,3,Ahmedabad-Mumbai,lower,4,0,7,5,0,0,1,0.6851816509262931
BK000191,Friday,12,Vadodara-Mumbai,lower,2,1,18,3,0,0,1,0.8252639033531295
BK000192,Sunday,10,Ahmedabad-Vadodara,upper,2,0,19,10,1,1,1,0.7953727689128339
BK000193,Wednesday,2,Ahmedabad-Vadodara,lower,1,1,15,11,0,0,1,1.0
BK000194,Wednesday,0,Vadodara-Mumbai,upper,2,1,21,9,0,0,1,0.8856212205390267
BK000195,Saturday,5,Vadodara-Mumbai,upper,2,1,26,6,1,0,1,0.8757425182645733
BK000196,Thursday,17,Ahmedabad-Vadodara,upper,4,0,6,5,0,0,1,0.5628447098206981
BK000197,Tuesday,23,Ahmedabad-Mumbai,upper,1,0,8,3,0,0,1,1.0
BK000198,Tuesday,9,Surat-Mumbai,upper,2,0,12,6,0,1,1,0.6524354963650097
BK000199,Friday,4,Surat-Mumbai,lower,2,1,0,3,0,0,1,0.8444090954165642
BK000200,Saturday,22,Vadodara-Mumbai,lower,2,1,28,10,1,0,1,0.7736363387616791
BK000201,Monday,9,Surat-Mumbai,lower,2,0,7,12,0,1,1,0.6652684147945607
BK000202,Friday,11,Ahmedabad-Vadodara,upper,3,0,23,6,0,1,1,0.8330464101720843
BK000203,Saturday,1,Ahmedabad-Vadodara,lower,1,0,21,4,1,0,1,0.8320259186734298
BK000204,Thursday,12,Vadodara-Mumbai,lower,3,0,3,2,0,0,1,0.7143498380765577
BK000205,Thursday,7,Vadodara-Mumbai,upper,2,1,2,8,0,0,1,0.9177407281856035
BK000206,Thursday,1,Vadodara-Mumbai,upper,3,1,26,4,0,0,1,0.8235880132969273
BK000207,Thursday,19,Ahmedabad-Mumbai,upper,3,1,2,9,0,1,1,0.6692744297340585
BK000208,Thursday,0,Surat-Mumbai,upper,1,1,21,7,0,0,1,0.9244862438892538
BK000209,Saturday,4,Vadodara-Mumbai,lower,1,0,12,12,1,0,1,0.9264041886196265
BK000210,Saturday,8,Ahmedabad-Surat,upper,4,1,7,2,1,0,1,0.666816933900062
BK000211,Wednesday,16,Ahmedabad-Surat,upper,2,1,6,4,0,0,1,0.8697838097721196
BK000212,Tuesday,8,Ahmedabad-Vadodara,lower,4,1,26,5,0,0,1,1.0
BK000213,Sunday,10,Surat-Mumbai,lower,1,1,0,3,1,1,1,0.5836243712432133
BK000214,Thursday,14,Vadodara-Mumbai,upper,2,0,26,9,0,0,1,0.7516993040634654
BK000215,Monday,23,Ahmedabad-Surat,lower,3,0,15,5,0,0,1,0.7643853690659101
BK000216,Sunday,5,Surat-Mumbai,upper,4,0,5,2,1,0,1,0.5533381834778137
BK000217,Saturday,22,Ahmedabad-Vadodara,upper,1,1,6,11,1,0,1,0.670297519695158
BK000218,Monday,2,Ahmedabad-Mumbai,lower,3,1,11,3,0,0,1,0.8058954448240543
BK000219,Monday,16,Surat-Mumbai,lower,2,1,22,9,0,0,1,1.0
BK000220,Monday,4,Surat-Mumbai,upper,1,1,8,7,0,0,1,1.0
BK000221,Wednesday,11,Ahmedabad-Mumbai,upper,2,1,26,2,0,1,1,0.8224711161094704
BK000222,Saturday,17,Surat-Mumbai,upper,2,1,10,9,1,0,1,0.8015520638276419
BK000223,Monday,13,Ahmedabad-Vadodara,lower,4,0,9,4,0,0,1,0.6821275438323112
BK000224,Thursday,20,Ahmedabad-Vadodara,upper,2,1,20,9,0,1,1,0.9240752064991122
BK000225,Friday,23,Ahmedabad-Mumbai,upper,1,0,0,2,0,0,1,0.8276319687245886
BK000226,Monday,10,Vadodara-Mumbai,upper,1,1,17,12,0,1,1,0.8139824901080011
BK000227,Wednesday,8,Ahmedabad-Surat,upper,2,1,3,10,0,0,1,0.6978999048101452
BK000228,Sunday,1,Vadodara-Mumbai,upper,1,0,4,12,1,0,1,0.7170249749914314
BK000229,Saturday,11,Surat-Mumbai,lower,3,1,8,4,1,1,1,0.8048872245062434
BK000230,Wednesday,2,Ahmedabad-Surat,upper,1,1,26,5,0,0,1,0.8634581672883151
BK000231,Monday,2,Ahmedabad-Mumbai,upper,4,1,16,2,0,0,1,0.9867640971386844
BK000232,Saturday,0,Ahmedabad-Mumbai,upper,4,1,2,10,1,0,1,0.6426753168531297
BK000233,Friday,7,Ahmedabad-Surat,upper,2,1,15,1,0,0,1,0.9106175466412537
BK000234,Monday,21,Ahmedabad-Vadodara,lower,4,0,4,7,0,0,1,0.760919425489064
BK000235,Wednesday,7,Ahmedabad-Surat,lower,3,0,15,10,0,0,1,0.9232805578017831
BK000236,Tuesday,10,Surat-Mumbai,lower,2,0,2,1,0,1,1,0.5701069880519491
BK000237,Thursday,8,Ahmedabad-Vadodara,upper,1,1,19,11,0,0,1,1.0
BK000238,Sunday,4,Ahmedabad-Mumbai,upper,2,0,14,11,1,0,1,0.7019388153856216
BK000239,Wednesday,13,Ahmedabad-Surat,lower,2,1,29,8,0,0,1,1.0
BK000240,Saturday,2,Vadodara-Mumbai,lower,3,1,2,3,1,0,1,0.6951631793692776
BK000241,Monday,20,Vadodara-Mumbai,lower,2,1,19,10,0,1,1,0.9892596979566252
BK000242,Thursday,4,Surat-Mumbai,upper,3,1,13,6,0,0,1,1.0
BK000243,Monday,4,Vadodara-Mumbai,upper,2,1,15,7,0,0,1,0.8262250423613251
BK000244,Saturday,18,Ahmedabad-Surat,lower,1,1,28,10,1,1,1,0.9509479993930677
BK000245,Monday,13,Ahmedabad-Surat,lower,4,0,28,1,0,0,1,0.9276604524561247
BK000246,Tuesday,3,Vadodara-Mumbai,lower,2,0,16,6,0,0,1,0.9173932142938
BK000247,Thursday,12,Ahmedabad-Surat,upper,1,1,27,7,0,0,1,0.9102734019056568
BK000248,Thursday,9,Surat-Mumbai,upper,2,0,23,6,0,1,1,0.8415357626263995
BK000249,Saturday,17,Ahmedabad-Vadodara,upper,1,0,19,4,1,0,1,0.8850398204055111
BK000250,Sunday,7,Surat-Mumbai,lower,2,1,22,1,1,0,1,0.7867451003362452
BK000251,Tuesday,7,Surat-Mumbai,lower,2,0,17,11,0,0,1,0.965678023508697
BK000252,Wednesday,6,Ahmedabad-Surat,upper,2,1,17,9,0,0,1,0.8149580439197492
BK000253,Monday,7,Ahmedabad-Vadodara,lower,4,0,21,4,0,0,1,0.7249727759741419
BK000254,Friday,13,Ahmedabad-Surat,upper,2,1,13,7,0,0,1,0.9612743414154543
BK000255,Monday,18,Ahmedabad-Mumbai,lower,1,1,17,7,0,1,1,0.942737741336693
BK000256,Monday,5,Ahmedabad-Surat,lower,2,1,14,2,0,0,1,0.993545024990271
BK000257,Wednesday,0,Ahmedabad-Surat,lower,4,1,14,1,0,0,1,0.8050907387946399
BK000258,Monday,22,Ahmedabad-Surat,lower,1,1,5,8,0,0,1,0.9881100323866391
BK000259,Tuesday,14,Ahmedabad-Vadodara,upper,1,0,26,8,0,0,1,0.7433764278202433
BK000260,Tuesday,0,Ahmedabad-Surat,lower,1,1,14,7,0,0,1,0.8929185858170208
BK000261,Thursday,16,Ahmedabad-Vadodara,upper,1,1,17,8,0,0,1,0.8542043552578171
BK000262,Saturday,0,Vadodara-Mumbai,upper,3,1,3,3,1,0,1,0.7200575299882284
BK000263,Sunday,14,Ahmedabad-Mumbai,upper,3,1,22,11,1,0,1,0.9796800651762917
BK000264,Friday,22,Ahmedabad-Vadodara,lower,1,0,7,2,0,0,1,0.7797841498241392
BK000265,Monday,1,Vadodara-Mumbai,upper,2,1,14,7,0,0,1,1.0
BK000266,Monday,13,Ahmedabad-Vadodara,upper,1,1,2,8,0,0,1,0.703984361037574
BK000267,Wednesday,20,Ahmedabad-Vadodara,upper,4,0,29,1,0,1,1,0.7626045895439179
BK000268,Saturday,7,Ahmedabad-Mumbai,lower,4,1,14,12,1,0,1,0.8378688932516565
BK000269,Tuesday,7,Surat-Mumbai,lower,1,0,12,10,0,0,1,0.8796903832662379
BK000270,Friday,18,Surat-Mumbai,upper,3,0,8,9,0,1,1,0.6216639556005564
BK000271,Thursday,6,Ahmedabad-Vadodara,lower,3,0,1,11,0,0,1,0.7353306083207922
BK000272,Tuesday,18,Ahmedabad-Surat,upper,1,0,23,4,0,1,1,0.8009661244575904
BK000273,Saturday,5,Vadodara-Mumbai,upper,1,1,7,12,1,0,1,0.8295446549583791
BK000274,Sunday,5,Ahmedabad-Surat,lower,2,0,28,4,1,0,1,0.7255871902185146
BK000275,Thursday,2,Ahmedabad-Surat,upper,3,1,29,3,0,0,1,0.8448144908679296
BK000276,Sunday,6,Ahmedabad-Vadodara,lower,4,1,19,6,1,0,1,0.8944770862233467
BK000277,Wednesday,18,Ahmedabad-Vadodara,lower,3,0,16,1,0,1,1,0.6517159086315498
BK000278,Wednesday,7,Ahmedabad-Vadodara,upper,3,1,12,6,0,0,1,1.0
BK000279,Monday,9,Ahmedabad-Vadodara,lower,2,1,0,2,0,1,1,0.7539348717207724
BK000280,Sunday,19,Surat-Mumbai,lower,3,1,1,9,1,1,1,0.5171611650670863
BK000281,Saturday,14,Ahmedabad-Vadodara,upper,3,0,29,2,1,0,1,0.868701417244362
BK000282,Friday,14,Surat-Mumbai,upper,1,1,14,7,0,0,1,1.0
BK000283,Thursday,0,Surat-Mumbai,lower,2,1,11,12,0,0,1,0.8218695355614964
BK000284,Tuesday,19,Ahmedabad-Vadodara,lower,3,0,13,1,0,1,1,0.7880498713245202
BK000285,Saturday,6,Ahmedabad-Mumbai,upper,1,0,24,12,1,0,1,0.7059596721038431
BK000286,Saturday,3,Vadodara-Mumbai,lower,3,1,28,7,1,0,1,0.9411080355631907
BK000287,Wednesday,5,Ahmedabad-Surat,lower,1,0,1,5,0,0,1,0.8253466220698572
BK000288,Sunday,0,Surat-Mumbai,lower,2,1,17,8,1,0,1,0.9936842067563986
BK000289,Monday,4,Vadodara-Mumbai,lower,3,1,21,4,0,0,1,0.9505608593073511
BK000290,Monday,22,Ahmedabad-Mumbai,lower,1,1,6,12,0,0,1,0.8364870639183211
BK000291,Thursday,0,Ahmedabad-Surat,lower,1,1,28,10,0,0,1,1.0
BK000292,Wednesday,3,Ahmedabad-Surat,lower,2,0,22,7,0,0,1,0.719741196902578
BK000293,Saturday,21,Surat-Mumbai,upper,3,0,28,6,1,0,1,0.7440746541379373
BK000294,Friday,1,Ahmedabad-Vadodara,upper,1,1,24,5,0,0,1,1.0
BK000295,Wednesday,9,Ahmedabad-Mumbai,upper,4,1,5,4,0,1,1,0.5968419368431161
BK000296,Thursday,4,Surat-Mumbai,upper,1,1,13,7,0,0,1,0.975395225652074
BK000297,Thursday,9,Ahmedabad-Mumbai,upper,4,0,7,12,0,1,1,0.7059854395701606
BK000298,Wednesday,0,Ahmedabad-Vadodara,lower,4,0,26,5,0,0,1,0.9368460865983981
BK000299,Thursday,21,Ahmedabad-Vadodara,lower,2,0,21,5,0,0,1,0.7097712994759042
BK000300,Wednesday,5,Surat-Mumbai,lower,2,1,1,1,0,0,1,0.6772162648243492
BK000301,Tuesday,12,Ahmedabad-Vadodara,lower,2,0,16,2,0,0,1,0.7588086431005805
BK000302,Wednesday,14,Vadodara-Mumbai,upper,2,1,4,5,0,0,1,0.912429818766198
BK000303,Sunday,3,Ahmedabad-Surat,lower,1,1,13,3,1,0,1,0.7886707755220497
BK000304,Wednesday,12,Surat-Mumbai,lower,1,1,24,2,0,0,1,1.0
BK000305,Thursday,23,Ahmedabad-Mumbai,upper,1,1,23,4,0,0,1,0.880349685883931
BK000306,Sunday,19,Vadodara-Mumbai,lower,2,0,29,4,1,1,1,0.6869413561243476
BK000307,Thursday,23,Surat-Mumbai,lower,1,1,28,4,0,0,1,0.9568201897357435
BK000308,Monday,14,Ahmedabad-Vadodara,upper,2,1,19,4,0,0,1,1.0
BK000309,Monday,7,Ahmedabad-Vadodara,lower,4,1,20,3,0,0,1,0.870107134647609
BK000310,Sunday,4,Ahmedabad-Vadodara,lower,1,1,28,12,1,0,1,0.941760548816988
BK000311,Tuesday,14,Ahmedabad-Vadodara,lower,2,1,20,7,0,0,1,0.8707047603727655
BK000312,Monday,3,Ahmedabad-Mumbai,lower,2,0,21,9,0,0,1,0.8940980849336461
BK000313,Wednesday,11,Vadodara-Mumbai,lower,3,0,2,12,0,1,1,0.7121034103682246
BK000314,Thursday,12,Ahmedabad-Surat,upper,4,1,4,5,0,0,1,0.6880405397380279
BK000315,Monday,1,Ahmedabad-Mumbai,upper,3,1,15,4,0,0,1,1.0
BK000316,Monday,18,Ahmedabad-Mumbai,upper,4,0,17,11,0,1,1,0.7780725763242894
BK000317,Tuesday,18,Ahmedabad-Surat,upper,1,1,25,2,0,1,1,0.8081331472601072
BK000318,Sunday,3,Ahmedabad-Surat,upper,3,1,16,2,1,0,1,0.8282625566079136
BK000319,Sunday,3,Ahmedabad-Vadodara,upper,3,0,10,5,1,0,1,0.6282580880455293
BK000320,Saturday,10,Ahmedabad-Mumbai,lower,1,1,16,7,1,1,1,0.8801043666599709
BK000321,Tuesday,4,Surat-Mumbai,upper,4,1,15,10,0,0,1,1.0
BK000322,Wednesday,19,Ahmedabad-Surat,upper,1,0,25,10,0,1,1,0.6817389560818398
BK000323,Sunday,10,Ahmedabad-Surat,lower,2,1,22,9,1,1,1,0.7718419558083933
BK000324,Thursday,9,Vadodara-Mumbai,lower,1,1,1,7,0,1,1,0.8643875168077751
BK000325,Tuesday,7,Surat-Mumbai,upper,2,1,3,5,0,0,1,0.9308489124652989
BK000326,Monday,5,Surat-Mumbai,lower,3,1,20,10,0,0,1,0.954055360022531
BK000327,Thursday,5,Ahmedabad-Surat,upper,2,1,6,10,0,0,1,0.935083767083422
BK000328,Thursday,7,Ahmedabad-Vadodara,lower,2,1,1,10,0,0,1,0.8107066911368088
BK000329,Monday,22,Vadodara-Mumbai,upper,1,1,29,6,0,0,1,0.9682571483799723
BK000330,Tuesday,14,Surat-Mumbai,lower,3,1,5,11,0,0,1,0.9044609385658686
BK000331,Monday,13,Ahmedabad-Surat,lower,1,0,16,12,0,0,1,0.8778948131374267
BK000332,Saturday,10,Surat-Mumbai,upper,2,0,6,3,1,1,0,0.49157075316935694
BK000333,Thursday,11,Vadodara-Mumbai,upper,4,0,24,5,0,1,1,0.7470937468229485
BK000334,Friday,12,Vadodara-Mumbai,upper,3,1,4,8,0,0,1,0.9040355005609235
BK000335,Friday,7,Ahmedabad-Mumbai,upper,2,0,4,1,0,0,1,0.7795824625064156
BK000336,Wednesday,17,Ahmedabad-Surat,upper,3,1,19,12,0,0,1,0.9210559977320634
BK000337,Sunday,0,Vadodara-Mumbai,lower,3,0,15,1,1,0,1,0.6799899579611575
BK000338,Monday,14,Ahmedabad-Mumbai,upper,3,0,18,7,0,0,1,0.8275784072117387
BK000339,Monday,7,Ahmedabad-Mumbai,upper,2,1,8,5,0,0,1,0.9718317529211327
BK000340,Wednesday,10,Surat-Mumbai,lower,1,1,4,5,0,1,1,0.6915011631883992
BK000341,Wednesday,11,Surat-Mumbai,lower,1,0,7,1,0,1,1,0.7381865254146772
BK000342,Wednesday,11,Ahmedabad-Mumbai,upper,1,1,8,9,0,1,1,0.9159448297197269
BK000343,Thursday,3,Surat-Mumbai,lower,2,1,4,1,0,0,1,0.7502136645259878
BK000344,Saturday,15,Vadodara-Mumbai,lower,1,0,9,5,1,0,1,0.6620462978891972
BK000345,Monday,3,Ahmedabad-Vadodara,upper,2,1,24,10,0,0,1,0.8716535481210821
BK000346,Thursday,4,Vadodara-Mumbai,lower,1,1,1,9,0,0,1,0.9847843515267951
BK000347,Wednesday,23,Ahmedabad-Mumbai,lower,1,0,8,4,0,0,1,0.821529906045858
BK000348,Monday,4,Ahmedabad-Mumbai,upper,3,1,10,8,0,0,1,0.8506577868101106
BK000349,Thursday,7,Vadodara-Mumbai,upper,2,1,3,6,0,0,1,0.7882018374964979
BK000350,Saturday,9,Surat-Mumbai,lower,1,1,21,11,1,1,1,0.7621263230080747
BK000351,Thursday,16,Surat-Mumbai,lower,3,0,21,3,0,0,1,0.6905477750813582
BK000352,Saturday,8,Ahmedabad-Mumbai,upper,1,0,21,4,1,0,1,0.7269435651838252
BK000353,Wednesday,21,Ahmedabad-Surat,lower,3,1,1,2,0,0,1,0.8132325871818404
BK000354,Saturday,18,Surat-Mumbai,lower,3,0,22,1,1,1,1,0.6655137116059902
BK000355,Monday,13,Vadodara-Mumbai,lower,1,1,28,8,0,0,1,0.9569676763530666
BK000356,Wednesday,7,Surat-Mumbai,upper,3,1,5,1,0,0,1,0.7841908268757801
BK000357,Monday,8,Vadodara-Mumbai,lower,2,1,26,11,0,0,1,1.0
BK000358,Friday,21,Ahmedabad-Mumbai,lower,2,1,13,1,0,0,1,0.9132045431690934
BK000359,Tuesday,10,Surat-Mumbai,upper,1,1,0,4,0,1,1,0.6974680439779949
BK000360,Saturday,22,Vadodara-Mumbai,lower,1,0,17,10,1,0,1,0.703040113220028
BK000361,Tuesday,0,Ahmedabad-Mumbai,lower,4,1,6,12,0,0,1,0.7873293838112402
BK000362,Tuesday,13,Ahmedabad-Surat,upper,1,0,0,10,0,0,1,0.8078560446150832
BK000363,Saturday,4,Vadodara-Mumbai,upper,2,0,0,6,1,0,0,0.4917964552565419
BK000364,Wednesday,20,Ahmedabad-Surat,upper,2,1,0,9,0,1,1,0.7827888381422303
BK000365,Friday,13,Ahmedabad-Surat,upper,2,1,23,1,0,0,1,0.8063449470048248
BK000366,Monday,3,Ahmedabad-Vadodara,lower,1,1,3,7,0,0,1,0.8256798933951838
BK000367,Thursday,21,Surat-Mumbai,lower,1,0,3,10,0,0,1,0.812759519560836
BK000368,Monday,22,Vadodara-Mumbai,upper,3,1,28,11,0,0,1,0.9016198867323294
BK000369,Thursday,0,Ahmedabad-Surat,upper,1,0,17,5,0,0,1,0.8991211304336199
BK000370,Monday,21,Ahmedabad-Vadodara,lower,1,1,26,12,0,0,1,0.9114937698477732
BK000371,Saturday,22,Ahmedabad-Mumbai,upper,1,0,10,8,1,0,1,0.8525986173378517
BK000372,Friday,18,Vadodara-Mumbai,lower,2,1,26,7,0,1,1,0.7356837309806279
BK000373,Thursday,7,Ahmedabad-Surat,upper,3,1,0,4,0,0,1,0.90576279346265
BK000374,Sunday,14,Surat-Mumbai,lower,1,1,27,4,1,0,1,0.8094589159265004
BK000375,Wednesday,20,Ahmedabad-Vadodara,upper,1,1,9,6,0,1,1,1.0
BK000376,Monday,14,Ahmedabad-Surat,upper,1,1,8,6,0,0,1,0.9557587723901552
BK000377,Monday,8,Surat-Mumbai,lower,3,1,22,9,0,0,1,1.0
BK000378,Thursday,20,Ahmedabad-Surat,upper,2,0,3,12,0,1,1,0.5457675893358566
BK000379,Wednesday,8,Vadodara-Mumbai,lower,2,0,27,5,0,0,1,0.9517735013703942
BK000380,Wednesday,9,Vadodara-Mumbai,lower,3,1,5,8,0,1,1,0.6079911376555123
BK000381,Saturday,19,Vadodara-Mumbai,lower,2,1,29,5,1,1,1,0.6735559367817796
BK000382,Sunday,20,Ahmedabad-Vadodara,lower,3,1,15,2,1,1,1,0.7679090375476407
BK000383,Saturday,8,Vadodara-Mumbai,lower,3,0,1,6,1,0,0,0.4545815317114438
BK000384,Saturday,2,Surat-Mumbai,upper,1,1,22,9,1,0,1,0.8087940554105286
BK000385,Saturday,19,Ahmedabad-Surat,upper,1,1,17,3,1,1,1,0.9531299146636044
BK000386,Saturday,10,Ahmedabad-Mumbai,lower,1,1,9,1,1,1,1,0.9629468983443662
BK000387,Saturday,5,Surat-Mumbai,upper,1,1,23,1,1,0,1,0.8628777987991266
BK000388,Friday,1,Surat-Mumbai,lower,4,1,23,3,0,0,1,1.0
BK000389,Wednesday,6,Vadodara-Mumbai,upper,2,0,16,10,0,0,1,0.8434474027020294
BK000390,Saturday,17,Ahmedabad-Vadodara,upper,1,1,12,5,1,0,1,0.8309227397621302
BK000391,Wednesday,1,Ahmedabad-Surat,upper,3,1,23,3,0,0,1,1.0
BK000392,Wednesday,16,Ahmedabad-Vadodara,upper,2,1,17,9,0,0,1,0.9976705419724571
BK000393,Tuesday,10,Ahmedabad-Surat,lower,1,0,21,8,0,1,1,0.9467375957326201
BK000394,Friday,11,Ahmedabad-Surat,lower,1,0,12,3,0,1,1,0.7295141862227851
BK000395,Saturday,18,Ahmedabad-Vadodara,upper,2,1,16,9,1,1,1,0.8216178507985207
BK000396,Monday,21,Surat-Mumbai,upper,3,1,4,6,0,0,1,0.665607126508834
BK000397,Thursday,23,Ahmedabad-Surat,lower,1,1,10,7,0,0,1,0.8840938116090158
BK000398,Sunday,6,Ahmedabad-Vadodara,upper,1,1,6,4,1,0,1,0.601175512485328
BK000399,Monday,19,Ahmedabad-Surat,lower,2,1,28,4,0,1,1,1.0
BK000400,Friday,5,Ahmedabad-Mumbai,lower,1,0,9,12,0,0,1,0.9706821091442434
BK000401,Thursday,20,Surat-Mumbai,lower,2,1,16,2,0,1,1,0.9560169044200623
BK000402,Friday,23,Vadodara-Mumbai,upper,2,1,14,5,0,0,1,0.9529178225864539
BK000403,Wednesday,0,Ahmedabad-Surat,lower,1,1,17,8,0,0,1,0.940020124871632
BK000404,Thursday,16,Ahmedabad-Mumbai,upper,4,1,22,7,0,0,1,0.8453792853388027
BK000405,Wednesday,10,Vadodara-Mumbai,lower,2,1,21,7,0,1,1,0.805402421653939
BK000406,Monday,21,Vadodara-Mumbai,upper,1,1,18,6,0,0,1,0.9627913665787418
BK000407,Monday,17,Ahmedabad-Surat,upper,2,1,29,3,0,0,1,1.0
BK000408,Thursday,20,Ahmedabad-Vadodara,upper,3,0,25,5,0,1,1,0.7618985366709458
BK000409,Thursday,16,Ahmedabad-Surat,lower,3,0,1,1,0,0,1,0.5532450879666447
BK000410,Saturday,6,Ahmedabad-Mumbai,lower,1,1,25,7,1,0,1,0.7554087026876737
BK000411,Friday,16,Vadodara-Mumbai,upper,4,0,3,9,0,0,1,0.5606996538602189
BK000412,Saturday,19,Ahmedabad-Surat,upper,2,0,2,1,1,1,0,0.4731496141092138
BK000413,Friday,8,Ahmedabad-Vadodara,upper,1,1,6,2,0,0,1,0.9799578751147054
BK000414,Saturday,16,Ahmedabad-Surat,lower,1,1,23,3,1,0,1,0.9412207443627665
BK000415,Wednesday,19,Surat-Mumbai,lower,1,1,17,3,0,1,1,1.0
BK000416,Thursday,21,Ahmedabad-Vadodara,lower,3,0,9,8,0,0,1,0.8199123783513645
BK000417,Monday,21,Ahmedabad-Mumbai,lower,1,0,6,7,0,0,1,0.6884998249585128
BK000418,Friday,7,Vadodara-Mumbai,upper,1,0,7,6,0,0,1,0.6125201118149868
BK000419,Friday,16,Ahmedabad-Surat,upper,3,0,5,10,0,0,1,0.7927799066558614
BK000420,Monday,6,Ahmedabad-Vadodara,lower,1,1,21,10,0,0,1,1.0
BK000421,Saturday,0,Surat-Mumbai,lower,1,0,25,11,1,0,1,0.6804354292793175
BK000422,Friday,12,Ahmedabad-Vadodara,upper,1,1,0,4,0,0,1,0.8536781691628781
BK000423,Sunday,22,Surat-Mumbai,lower,1,0,3,9,1,0,1,0.6262124423763735
BK000424,Wednesday,18,Ahmedabad-Mumbai,lower,1,1,13,1,0,1,1,0.9575274658059586
BK000425,Thursday,23,Vadodara-Mumbai,lower,2,1,16,11,0,0,1,1.0
BK000426,Monday,18,Ahmedabad-Mumbai,lower,1,1,19,2,0,1,1,0.9439314325287439
BK000427,Thursday,16,Ahmedabad-Surat,lower,1,1,17,4,0,0,1,1.0
BK000428,Sunday,12,Ahmedabad-Vadodara,lower,3,1,10,3,1,0,1,0.7150968798803992
BK000429,Friday,15,Surat-Mumbai,upper,2,0,28,1,0,0,1,0.6988722428054072
BK000430,Friday,7,Surat-Mumbai,lower,2,1,20,5,0,0,1,0.8562040373980366
BK000431,Sunday,18,Ahmedabad-Vadodara,lower,2,1,25,7,1,1,1,0.6297412315075245
BK000432,Monday,17,Ahmedabad-Vadodara,upper,1,1,13,2,0,0,1,1.0
BK000433,Wednesday,0,Ahmedabad-Surat,upper,2,0,8,5,0,0,1,0.8969990911981889
BK000434,Tuesday,13,Ahmedabad-Mumbai,upper,2,0,26,6,0,0,1,0.7208168703294928
BK000435,Monday,18,Surat-Mumbai,lower,1,1,14,11,0,1,1,1.0
BK000436,Tuesday,14,Ahmedabad-Surat,upper,4,1,11,7,0,0,1,0.8464358104538335
BK000437,Sunday,17,Ahmedabad-Mumbai,lower,1,1,9,1,1,0,1,0.8403526760992077
BK000438,Saturday,1,Ahmedabad-Surat,lower,3,0,18,7,1,0,1,0.6546930697484095
BK000439,Tuesday,21,Surat-Mumbai,lower,1,1,23,4,0,0,1,0.9616921295719143
BK000440,Wednesday,16,Ahmedabad-Vadodara,upper,3,0,18,8,0,0,1,0.7563991297669885
BK000441,Saturday,17,Ahmedabad-Vadodara,upper,2,0,5,4,1,0,1,0.5766852779315356
BK000442,Tuesday,5,Ahmedabad-Mumbai,upper,3,1,19,6,0,0,1,0.9222223644064056
BK000443,Sunday,18,Vadodara-Mumbai,upper,1,0,23,9,1,1,1,0.845970847233798
BK000444,Saturday,3,Ahmedabad-Mumbai,upper,2,0,26,5,1,0,1,0.5967779050384677
BK000445,Sunday,0,Vadodara-Mumbai,lower,2,1,5,12,1,0,1,0.5926544129162055
BK000446,Tuesday,7,Ahmedabad-Surat,lower,3,0,7,4,0,0,1,0.5458477681725806
BK000447,Sunday,22,Ahmedabad-Surat,lower,2,0,0,8,1,0,1,0.6177523584947127
BK000448,Wednesday,6,Surat-Mumbai,lower,2,0,21,9,0,0,1,0.6963527832241159
BK000449,Tuesday,2,Vadodara-Mumbai,upper,2,0,16,4,0,0,1,0.930931921212837
BK000450,Tuesday,9,Surat-Mumbai,upper,1,0,16,3,0,1,1,0.8035815892045783
BK000451,Tuesday,9,Ahmedabad-Vadodara,lower,2,1,23,8,0,1,1,0.8781022873744602
BK000452,Monday,18,Vadodara-Mumbai,upper,1,0,14,5,0,1,1,0.8184783523136583
BK000453,Monday,13,Ahmedabad-Mumbai,upper,4,0,6,2,0,0,1,0.5812441118918632
BK000454,Monday,1,Ahmedabad-Vadodara,lower,3,1,18,10,0,0,1,0.8593070909343462
BK000455,Wednesday,0,Ahmedabad-Vadodara,lower,4,1,21,9,0,0,1,0.8956451968619014
BK000456,Saturday,22,Ahmedabad-Mumbai,upper,1,1,24,3,1,0,1,0.9280489247465554
BK000457,Sunday,22,Ahmedabad-Vadodara,upper,3,1,22,12,1,0,1,0.7630353327820644
BK000458,Friday,17,Vadodara-Mumbai,lower,3,1,27,2,0,0,1,0.8348995181399783
BK000459,Tuesday,6,Surat-Mumbai,lower,2,1,2,1,0,0,1,0.9410350659255295
BK000460,Sunday,7,Ahmedabad-Vadodara,lower,2,1,29,8,1,0,1,0.7065945444428868
BK000461,Tuesday,0,Vadodara-Mumbai,upper,1,1,29,11,0,0,1,1.0
BK000462,Wednesday,22,Ahmedabad-Surat,lower,3,0,28,3,0,0,1,0.9164105448725066
BK000463,Tuesday,2,Vadodara-Mumbai,lower,2,0,21,7,0,0,1,0.7691642341535287
BK000464,Monday,23,Surat-Mumbai,upper,1,0,10,1,0,0,1,0.770687984802194
BK000465,Friday,22,Vadodara-Mumbai,upper,1,1,19,1,0,0,1,0.893688594011627
BK000466,Thursday,7,Ahmedabad-Mumbai,upper,4,1,29,12,0,0,1,1.0
BK000467,Tuesday,21,Surat-Mumbai,upper,3,1,28,9,0,0,1,0.9928419773258521
BK000468,Sunday,14,Ahmedabad-Surat,upper,4,1,18,12,1,0,1,0.934823702275416
BK000469,Monday,4,Ahmedabad-Mumbai,lower,2,1,8,8,0,0,1,1.0
BK000470,Thursday,2,Vadodara-Mumbai,lower,1,0,9,12,0,0,1,0.9375782089799776
BK000471,Friday,18,Surat-Mumbai,upper,1,0,1,3,0,1,1,0.546755460965433
BK000472,Thursday,0,Ahmedabad-Surat,upper,1,1,0,6,0,0,1,0.7730327850296231
BK000473,Monday,14,Ahmedabad-Mumbai,upper,1,1,29,11,0,0,1,1.0
BK000474,Saturday,7,Ahmedabad-Surat,upper,1,1,15,3,1,0,1,0.8127918227502626
BK000475,Saturday,1,Vadodara-Mumbai,upper,1,1,17,12,1,0,1,0.7717566950863445
BK000476,Thursday,2,Ahmedabad-Surat,lower,2,0,22,4,0,0,1,0.8909840162126751
BK000477,Wednesday,23,Ahmedabad-Vadodara,lower,4,1,25,1,0,0,1,0.9207579066470426
BK000478,Sunday,13,Ahmedabad-Mumbai,lower,2,1,16,5,1,0,1,0.9760120157637711
BK000479,Sunday,23,Ahmedabad-Surat,lower,3,1,5,1,1,0,1,0.7450765213280984
BK000480,Thursday,13,Vadodara-Mumbai,upper,2,1,13,1,0,0,1,0.8271256933374982
BK000481,Tuesday,10,Vadodara-Mumbai,lower,1,0,22,10,0,1,1,0.9343569701760983
BK000482,Tuesday,15,Ahmedabad-Surat,upper,1,0,24,11,0,0,1,0.8075671790920738
BK000483,Sunday,3,Vadodara-Mumbai,upper,1,1,14,11,1,0,1,0.8511637471218858
BK000484,Sunday,19,Surat-Mumbai,upper,1,1,13,7,1,1,1,0.7906781241050627
BK000485,Saturday,4,Surat-Mumbai,lower,2,1,23,12,1,0,1,0.715367288921294
BK000486,Wednesday,21,Surat-Mumbai,upper,1,0,21,6,0,0,1,0.8789546266691814
BK000487,Monday,20,Ahmedabad-Vadodara,lower,1,1,2,2,0,1,1,0.6569955473225877
BK000488,Tuesday,13,Ahmedabad-Surat,lower,1,0,23,11,0,0,1,0.8502910980065055
BK000489,Sunday,22,Ahmedabad-Vadodara,upper,4,0,22,12,1,0,1,0.6852129363976253
BK000490,Saturday,15,Vadodara-Mumbai,upper,3,1,18,2,1,0,1,0.931852025027951
BK000491,Friday,17,Ahmedabad-Vadodara,upper,3,1,24,11,0,0,1,1.0
BK000492,Saturday,6,Vadodara-Mumbai,lower,1,0,11,7,1,0,1,0.6760238647167265
BK000493,Tuesday,9,Vadodara-Mumbai,upper,3,0,1,1,0,1,1,0.5599653562137679
BK000494,Tuesday,6,Ahmedabad-Mumbai,lower,3,1,2,2,0,0,1,0.7620059483095495
BK000495,Saturday,0,Surat-Mumbai,upper,2,0,17,12,1,0,1,0.6254231331808255
BK000496,Monday,22,Vadodara-Mumbai,upper,4,1,28,8,0,0,1,1.0
BK000497,Thursday,20,Ahmedabad-Mumbai,lower,1,1,0,6,0,1,1,0.832168498500627
BK000498,Tuesday,18,Surat-Mumbai,lower,4,0,19,2,0,1,1,0.6571145358891104
BK000499,Saturday,15,Vadodara-Mumbai,lower,4,0,20,7,1,0,1,0.6900165725781398
BK000500,Sunday,18,Vadodara-Mumbai,lower,1,1,28,4,1,1,1,0.7017415074569543
BK000501,Saturday,3,Ahmedabad-Vadodara,lower,2,1,5,2,1,0,1,0.7384619791279131
BK000502,Wednesday,17,Ahmedabad-Vadodara,lower,4,1,4,12,0,0,1,0.6864115773645858
BK000503,Thursday,1,Surat-Mumbai,upper,1,1,0,6,0,0,1,0.9957802505874753
BK000504,Friday,0,Vadodara-Mumbai,upper,2,1,18,11,0,0,1,1.0
BK000505,Monday,14,Ahmedabad-Surat,lower,4,1,0,9,0,0,1,0.7670715648751985
BK000506,Friday,4,Ahmedabad-Vadodara,upper,2,1,26,11,0,0,1,0.9735691796838063
BK000507,Thursday,19,Surat-Mumbai,lower,1,1,20,9,0,1,1,1.0
BK000508,Thursday,10,Vadodara-Mumbai,upper,2,1,20,8,0,1,1,0.8862297841187479
BK000509,Thursday,9,Vadodara-Mumbai,upper,1,1,15,3,0,1,1,0.8223495459193866
BK000510,Friday,1,Ahmedabad-Surat,lower,2,1,11,3,0,0,1,0.9136110066743477
BK000511,Sunday,2,Surat-Mumbai,lower,1,1,26,2,1,0,1,1.0
BK000512,Thursday,22,Vadodara-Mumbai,lower,2,0,28,5,0,0,1,0.8732639047968853
BK000513,Saturday,22,Ahmedabad-Vadodara,upper,2,1,21,12,1,0,1,0.89521731530014
BK000514,Friday,11,Ahmedabad-Surat,lower,3,0,7,4,0,1,1,0.7100464457065467
BK000515,Thursday,19,Surat-Mumbai,upper,2,0,25,7,0,1,1,0.8681919172387514
BK000516,Saturday,4,Ahmedabad-Surat,lower,2,0,15,4,1,0,1,0.8559377715338309
BK000517,Sunday,4,Ahmedabad-Vadodara,upper,2,1,27,9,1,0,1,0.7284547579759468
BK000518,Wednesday,5,Surat-Mumbai,upper,1,1,0,12,0,0,1,0.8632378005889303
BK000519,Sunday,8,Ahmedabad-Surat,lower,2,0,3,12,1,0,1,0.6521528563654955
BK000520,Thursday,1,Ahmedabad-Mumbai,upper,1,1,9,2,0,0,1,1.0
BK000521,Friday,20,Ahmedabad-Vadodara,upper,4,1,10,11,0,1,1,0.9020148605910012
BK000522,Tuesday,11,Ahmedabad-Vadodara,lower,1,0,16,6,0,1,1,0.7000362005551023
BK000523,Thursday,2,Ahmedabad-Vadodara,upper,2,1,24,7,0,0,1,1.0
BK000524,Tuesday,19,Ahmedabad-Mumbai,lower,2,1,26,4,0,1,1,0.9360334000544837
BK000525,Saturday,21,Ahmedabad-Mumbai,lower,2,1,22,6,1,0,1,0.7258407314647108
BK000526,Wednesday,11,Vadodara-Mumbai,lower,1,1,6,7,0,1,1,0.7591429474023129
BK000527,Monday,23,Ahmedabad-Surat,lower,2,1,11,4,0,0,1,0.8521932198565411
BK000528,Sunday,16,Vadodara-Mumbai,upper,2,0,20,8,1,0,1,0.6812431137138916
BK000529,Wednesday,9,Ahmedabad-Surat,upper,3,0,6,9,0,1,0,0.4554243276617056
BK000530,Thursday,23,Ahmedabad-Mumbai,upper,1,0,11,1,0,0,1,0.8500989605232274
BK000531,Tuesday,13,Ahmedabad-Mumbai,lower,2,1,14,7,0,0,1,0.9649630763468631
BK000532,Sunday,22,Vadodara-Mumbai,upper,2,0,1,9,1,0,1,0.6158747778481259
BK000533,Tuesday,16,Surat-Mumbai,upper,2,0,13,12,0,0,1,0.8790471035386129
BK000534,Friday,17,Vadodara-Mumbai,lower,2,1,12,10,0,0,1,1.0
BK000535,Tuesday,18,Ahmedabad-Surat,lower,2,1,3,5,0,1,1,0.634638872182719
BK000536,Friday,16,Vadodara-Mumbai,upper,1,1,13,12,0,0,1,0.8861445467315404
BK000537,Saturday,13,Ahmedabad-Vadodara,lower,1,0,13,2,1,0,1,0.8854611515693778
BK000538,Sunday,8,Ahmedabad-Surat,lower,1,0,15,10,1,0,1,0.676983844467795
BK000539,Sunday,7,Ahmedabad-Surat,lower,1,1,6,6,1,0,1,0.8924280244008586
BK000540,Monday,1,Surat-Mumbai,lower,2,0,18,12,0,0,1,0.9327614688195911
BK000541,Thursday,12,Ahmedabad-Mumbai,upper,2,0,1,12,0,0,1,0.6802629817668797
BK000542,Friday,6,Ahmedabad-Surat,lower,1,1,9,7,0,0,1,1.0
BK000543,Monday,8,Ahmedabad-Mumbai,lower,4,1,17,2,0,0,1,0.8292130187324012
BK000544,Tuesday,21,Vadodara-Mumbai,lower,1,1,28,2,0,0,1,0.9409197283525305
BK000545,Tuesday,21,Ahmedabad-Vadodara,lower,3,1,16,10,0,0,1,0.9914673245121834
BK000546,Monday,10,Surat-Mumbai,lower,2,1,4,12,0,1,1,0.6750020605419536
BK000547,Sunday,13,Ahmedabad-Mumbai,lower,1,0,11,10,1,0,1,0.9085117655942375
BK000548,Tuesday,3,Ahmedabad-Surat,lower,1,1,5,1,0,0,1,0.7196878264533453
BK000549,Saturday,12,Ahmedabad-Mumbai,lower,2,0,21,4,1,0,1,0.7448235496182893
BK000550,Saturday,1,Ahmedabad-Surat,upper,1,0,8,7,1,0,1,0.8072598802185343
BK000551,Monday,22,Ahmedabad-Mumbai,lower,4,1,19,9,0,0,1,0.9958184371331672
BK000552,Friday,4,Ahmedabad-Surat,upper,2,0,0,3,0,0,1,0.6066998669995443
BK000553,Friday,10,Vadodara-Mumbai,lower,4,1,21,12,0,1,1,0.8293699282559593
BK000554,Monday,5,Ahmedabad-Surat,lower,1,0,14,11,0,0,1,0.9831041588994933
BK000555,Friday,17,Ahmedabad-Surat,lower,3,1,20,7,0,0,1,0.8584828306910479
BK000556,Sunday,20,Ahmedabad-Vadodara,lower,2,1,25,7,1,1,1,0.8680603541520087
BK000557,Sunday,9,Ahmedabad-Surat,upper,3,0,5,7,1,1,1,0.5187966268708227
BK000558,Friday,3,Ahmedabad-Vadodara,lower,1,0,18,2,0,0,1,0.9586562533582246
BK000559,Saturday,8,Surat-Mumbai,lower,2,1,17,6,1,0,1,0.9140822098790414
BK000560,Friday,5,Ahmedabad-Vadodara,upper,2,1,5,2,0,0,1,0.7122534486154637
BK000561,Sunday,1,Vadodara-Mumbai,upper,3,1,12,6,1,0,1,0.8706438209301619
BK000562,Wednesday,16,Ahmedabad-Vadodara,lower,1,1,0,10,0,0,1,0.9603169458415277
BK000563,Thursday,4,Surat-Mumbai,upper,3,1,22,3,0,0,1,0.9296348710405787
BK000564,Tuesday,5,Vadodara-Mumbai,upper,1,1,22,2,0,0,1,1.0
BK000565,Wednesday,11,Ahmedabad-Mumbai,upper,3,1,25,12,0,1,1,0.8556645300305155
BK000566,Friday,22,Ahmedabad-Mumbai,lower,3,1,12,6,0,0,1,0.8428356910003654
BK000567,Saturday,20,Ahmedabad-Vadodara,lower,3,1,6,2,1,1,1,0.586830404023302
BK000568,Monday,9,Ahmedabad-Vadodara,lower,2,1,14,5,0,1,1,1.0
BK000569,Friday,21,Surat-Mumbai,upper,2,1,11,2,0,0,1,0.8959162548019562
BK000570,Saturday,20,Surat-Mumbai,lower,4,1,26,3,1,1,1,0.8804294479601189
BK000571,Thursday,5,Ahmedabad-Surat,upper,1,1,25,3,0,0,1,1.0
BK000572,Friday,7,Surat-Mumbai,lower,2,0,0,6,0,0,1,0.6350559572995883
BK000573,Sunday,1,Ahmedabad-Surat,lower,2,0,14,6,1,0,1,0.6049772974151897
BK000574,Monday,11,Vadodara-Mumbai,upper,3,1,3,10,0,1,1,0.7873673727476455
BK000575,Saturday,12,Ahmedabad-Vadodara,lower,1,1,12,3,1,0,1,0.8434536897041959
BK000576,Saturday,20,Vadodara-Mumbai,upper,2,1,22,3,1,1,1,0.8548770842772717
BK000577,Saturday,6,Surat-Mumbai,upper,3,0,26,12,1,0,1,0.7127964544781299
BK000578,Thursday,9,Vadodara-Mumbai,lower,1,1,24,1,0,1,1,0.9155800227027865
BK000579,Friday,12,Vadodara-Mumbai,upper,4,1,4,7,0,0,1,0.8833728220245609
BK000580,Thursday,16,Vadodara-Mumbai,lower,1,0,28,8,0,0,1,0.8447089993184884
BK000581,Tuesday,20,Surat-Mumbai,lower,1,1,1,2,0,1,1,0.7529382035968744
BK000582,Tuesday,13,Vadodara-Mumbai,upper,1,1,22,4,0,0,1,0.9628571406308867
BK000583,Friday,1,Ahmedabad-Surat,lower,1,1,25,10,0,0,1,0.960202154583184
BK000584,Sunday,21,Surat-Mumbai,upper,4,1,0,7,1,0,1,0.7077839730704378
BK000585,Thursday,10,Vadodara-Mumbai,lower,1,1,15,8,0,1,1,1.0
BK000586,Monday,0,Surat-Mumbai,lower,2,1,22,1,0,0,1,0.9085304935767697
BK000587,Saturday,18,Ahmedabad-Mumbai,lower,1,1,5,4,1,1,1,0.6772764161613211
BK000588,Saturday,20,Ahmedabad-Surat,lower,2,1,22,6,1,1,1,0.8212181976327803
BK000589,Friday,3,Vadodara-Mumbai,lower,2,1,15,3,0,0,1,0.8808318338910964
BK000590,Sunday,18,Ahmedabad-Mumbai,upper,1,1,13,5,1,1,1,0.7532568414707178
BK000591,Tuesday,20,Ahmedabad-Mumbai,upper,1,0,28,10,0,1,1,0.9300239381070364
BK000592,Tuesday,10,Surat-Mumbai,upper,3,1,25,9,0,1,1,0.9370603719993266
BK000593,Saturday,7,Ahmedabad-Mumbai,upper,1,0,2,11,1,0,1,0.6531560028669927
BK000594,Friday,10,Ahmedabad-Surat,upper,2,1,14,3,0,1,1,0.9143160163261836
BK000595,Thursday,3,Ahmedabad-Surat,upper,1,1,2,5,0,0,1,0.7087898329310255
BK000596,Tuesday,16,Ahmedabad-Vadodara,lower,3,0,22,8,0,0,1,0.865430889668509
BK000597,Thursday,6,Ahmedabad-Surat,lower,1,1,28,6,0,0,1,1.0
BK000598,Sunday,7,Ahmedabad-Mumbai,upper,2,0,1,4,1,0,1,0.5937249039338306
BK000599,Tuesday,2,Ahmedabad-Surat,upper,1,1,0,8,0,0,1,0.8078271480492452
BK000600,Tuesday,21,Surat-Mumbai,lower,4,1,8,11,0,0,1,0.8244421693138826
BK000601,Wednesday,1,Ahmedabad-Vadodara,lower,1,1,8,3,0,0,1,0.9080017700836156
BK000602,Tuesday,22,Ahmedabad-Mumbai,lower,3,0,22,3,0,0,1,0.9652234139638015
BK000603,Monday,14,Ahmedabad-Vadodara,upper,2,0,6,4,0,0,1,0.6526098686812801
BK000604,Friday,23,Ahmedabad-Mumbai,upper,1,1,2,9,0,0,1,0.8400049467492592
BK000605,Friday,21,Surat-Mumbai,upper,3,1,25,5,0,0,1,0.8158129369560316
BK000606,Thursday,21,Ahmedabad-Vadodara,lower,1,1,17,8,0,0,1,0.8612698688631941
BK000607,Sunday,4,Vadodara-Mumbai,lower,3,1,10,6,1,0,1,0.9151544341140273
BK000608,Tuesday,23,Ahmedabad-Mumbai,upper,4,1,6,3,0,0,1,0.8114283992363334
BK000609,Monday,0,Vadodara-Mumbai,upper,3,1,8,8,0,0,1,0.9526117952648799
BK000610,Thursday,3,Ahmedabad-Vadodara,lower,1,1,0,12,0,0,1,0.7729373591268006
BK000611,Wednesday,14,Vadodara-Mumbai,lower,3,0,28,9,0,0,1,0.9034252194889767
BK000612,Thursday,19,Vadodara-Mumbai,lower,2,0,13,8,0,1,1,0.6504709737325476
BK000613,Thursday,18,Ahmedabad-Vadodara,lower,3,1,19,4,0,1,1,0.776980423098306
BK000614,Tuesday,2,Surat-Mumbai,upper,2,0,5,11,0,0,1,0.6682136514044825
BK000615,Wednesday,19,Vadodara-Mumbai,lower,3,1,6,6,0,1,1,0.6558839586335823
BK000616,Thursday,10,Vadodara-Mumbai,lower,2,1,9,1,0,1,1,0.7942388943699439
BK000617,Monday,16,Surat-Mumbai,lower,2,0,6,4,0,0,1,0.7235712933659995
BK000618,Monday,12,Vadodara-Mumbai,upper,1,0,25,8,0,0,1,0.9252915235655633
BK000619,Friday,10,Vadodara-Mumbai,upper,3,1,1,1,0,1,1,0.8173551209399788
BK000620,Wednesday,1,Vadodara-Mumbai,lower,2,1,29,3,0,0,1,0.9253125700918927
BK000621,Wednesday,8,Ahmedabad-Surat,lower,2,1,3,1,0,0,1,0.671925527307845
BK000622,Friday,1,Surat-Mumbai,lower,3,1,20,9,0,0,1,0.8820999154764373
BK000623,Thursday,20,Vadodara-Mumbai,upper,2,1,29,2,0,1,1,1.0
BK000624,Wednesday,8,Surat-Mumbai,upper,1,1,27,9,0,0,1,1.0
BK000625,Monday,8,Ahmedabad-Mumbai,upper,2,1,16,4,0,0,1,1.0
BK000626,Monday,7,Ahmedabad-Mumbai,lower,2,1,0,2,0,0,1,0.6522073488876243
BK000627,Tuesday,16,Vadodara-Mumbai,upper,2,1,9,4,0,0,1,0.9554617196547562
BK000628,Wednesday,0,Surat-Mumbai,lower,1,0,18,12,0,0,1,0.7412585972595409
BK000629,Thursday,10,Surat-Mumbai,lower,1,1,14,11,0,1,1,0.9407690636274344
BK000630,Friday,7,Surat-Mumbai,lower,1,1,9,11,0,0,1,1.0
BK000631,Friday,9,Ahmedabad-Surat,upper,3,0,18,10,0,1,1,0.8905257391501223
BK000632,Thursday,6,Ahmedabad-Mumbai,lower,1,0,11,6,0,0,1,0.8921658026166772
BK000633,Sunday,2,Surat-Mumbai,upper,2,1,23,11,1,0,1,0.8374614415756647
BK000634,Saturday,2,Surat-Mumbai,upper,4,1,15,7,1,0,1,0.9835051282745482
BK000635,Tuesday,17,Ahmedabad-Surat,lower,1,1,8,3,0,0,1,1.0
BK000636,Friday,4,Ahmedabad-Surat,lower,2,0,14,3,0,0,1,0.6994697838615228
BK000637,Wednesday,11,Surat-Mumbai,upper,3,0,29,12,0,1,1,0.7397176733002493
BK000638,Tuesday,11,Ahmedabad-Vadodara,lower,4,1,26,10,0,1,1,0.7920735055392911
BK000639,Wednesday,18,Surat-Mumbai,upper,3,1,27,12,0,1,1,0.8609412964346045
BK000640,Sunday,5,Surat-Mumbai,lower,3,1,16,8,1,0,1,0.8366396716019084
BK000641,Monday,1,Ahmedabad-Surat,upper,3,1,13,5,0,0,1,0.9746434408444226
BK000642,Tuesday,11,Ahmedabad-Surat,upper,2,1,26,4,0,1,1,0.8270311471047753
BK000643,Friday,18,Surat-Mumbai,upper,3,1,17,7,0,1,1,0.7692811348367784
BK000644,Tuesday,4,Surat-Mumbai,upper,1,1,25,7,0,0,1,1.0
BK000645,Tuesday,11,Surat-Mumbai,lower,4,1,1,9,0,1,1,0.8190608653037286
BK000646,Tuesday,16,Ahmedabad-Surat,lower,2,1,3,9,0,0,1,0.8492036684202806
BK000647,Saturday,16,Surat-Mumbai,upper,2,1,17,5,1,0,1,0.8015103597775647
BK000648,Tuesday,9,Surat-Mumbai,upper,1,1,6,12,0,1,1,0.9006569068276572
BK000649,Wednesday,22,Vadodara-Mumbai,lower,3,1,12,8,0,0,1,1.0
BK000650,Monday,16,Ahmedabad-Vadodara,lower,1,0,14,10,0,0,1,0.7928045198152296
BK000651,Sunday,14,Ahmedabad-Mumbai,lower,3,1,24,1,1,0,1,0.7118252755361089
BK000652,Thursday,11,Ahmedabad-Vadodara,lower,3,0,22,9,0,1,1,0.8223926125052287
BK000653,Tuesday,15,Vadodara-Mumbai,lower,1,1,27,8,0,0,1,1.0
BK000654,Friday,23,Ahmedabad-Mumbai,lower,3,1,21,6,0,0,1,1.0
BK000655,Tuesday,18,Surat-Mumbai,upper,3,1,25,3,0,1,1,0.9869509182264932
BK000656,Friday,7,Vadodara-Mumbai,lower,2,0,0,3,0,0,1,0.7101604304619245
BK000657,Wednesday,20,Surat-Mumbai,lower,1,1,10,8,0,1,1,0.9290157017637143
BK000658,Friday,16,Ahmedabad-Surat,upper,1,1,9,5,0,0,1,0.8583523153787759
BK000659,Thursday,22,Vadodara-Mumbai,lower,1,1,24,10,0,0,1,0.9239969340534333
BK000660,Monday,4,Ahmedabad-Surat,lower,1,1,4,11,0,0,1,0.8378844255198779
BK000661,Friday,21,Vadodara-Mumbai,lower,4,1,15,7,0,0,1,0.9885511700250703
BK000662,Friday,15,Vadodara-Mumbai,lower,1,1,10,5,0,0,1,1.0
BK000663,Monday,5,Ahmedabad-Surat,lower,3,0,20,8,0,0,1,0.9027907969045071
BK000664,Thursday,7,Ahmedabad-Mumbai,upper,1,0,5,10,0,0,1,0.6639300792661122
BK000665,Tuesday,17,Ahmedabad-Vadodara,lower,2,1,8,10,0,0,1,0.9694857822957419
BK000666,Friday,11,Surat-Mumbai,upper,3,1,12,4,0,1,1,0.7464426730172377
BK000667,Monday,14,Vadodara-Mumbai,upper,3,0,23,2,0,0,1,0.804099657074962
BK000668,Wednesday,8,Surat-Mumbai,lower,1,0,7,3,0,0,1,0.8050482498863802
BK000669,Monday,12,Ahmedabad-Surat,upper,2,0,13,8,0,0,1,0.8880202560287132
BK000670,Wednesday,14,Surat-Mumbai,lower,2,1,23,11,0,0,1,1.0
BK000671,Thursday,9,Ahmedabad-Surat,upper,1,1,0,7,0,1,1,0.7033673377963268
BK000672,Tuesday,15,Surat-Mumbai,upper,1,1,16,2,0,0,1,0.9994567897521938
BK000673,Monday,6,Ahmedabad-Vadodara,lower,2,1,23,6,0,0,1,0.8988591241321989
BK000674,Sunday,16,Ahmedabad-Vadodara,lower,2,1,4,9,1,0,1,0.6821809342177524
BK000675,Sunday,22,Ahmedabad-Vadodara,lower,3,0,24,4,1,0,1,0.8370850389608164
BK000676,Saturday,20,Ahmedabad-Vadodara,lower,1,0,1,9,1,1,1,0.605262722556546
BK000677,Friday,21,Ahmedabad-Vadodara,lower,2,0,24,2,0,0,1,0.9447323574042744
BK000678,Thursday,6,Ahmedabad-Vadodara,upper,2,1,27,2,0,0,1,0.861053332499566
BK000679,Monday,13,Ahmedabad-Surat,upper,3,1,29,9,0,0,1,1.0
BK000680,Sunday,14,Vadodara-Mumbai,upper,3,0,23,12,1,0,1,0.5979286822535153
BK000681,Friday,20,Surat-Mumbai,upper,2,1,8,7,0,1,1,0.9865797841311457
BK000682,Sunday,6,Ahmedabad-Vadodara,upper,3,1,3,7,1,0,1,0.6487221338382183
BK000683,Monday,8,Ahmedabad-Surat,upper,1,1,16,1,0,0,1,0.94437629002422
BK000684,Wednesday,18,Ahmedabad-Surat,upper,2,0,16,11,0,1,1,0.7536265730095992
BK000685,Monday,15,Ahmedabad-Surat,lower,1,1,20,6,0,0,1,1.0
BK000686,Saturday,7,Vadodara-Mumbai,lower,2,1,17,7,1,0,1,0.7143344094044216
BK000687,Monday,17,Surat-Mumbai,upper,3,0,15,11,0,0,1,0.7856692925212235
BK000688,Monday,22,Vadodara-Mumbai,upper,3,1,29,6,0,0,1,1.0
BK000689,Saturday,17,Ahmedabad-Mumbai,lower,1,0,7,6,1,0,1,0.59881634323064
BK000690,Thursday,19,Ahmedabad-Surat,lower,2,1,25,2,0,1,1,0.7797470692791201
BK000691,Monday,6,Ahmedabad-Mumbai,lower,2,1,10,6,0,0,1,0.9274382543994235
BK000692,Saturday,2,Ahmedabad-Vadodara,lower,1,1,20,4,1,0,1,0.8656657504475008
BK000693,Friday,17,Ahmedabad-Vadodara,upper,1,1,20,9,0,0,1,1.0
BK000694,Wednesday,9,Vadodara-Mumbai,lower,1,1,17,12,0,1,1,0.9985803127229291
BK000695,Wednesday,6,Surat-Mumbai,upper,1,1,22,1,0,0,1,1.0
BK000696,Monday,16,Ahmedabad-Mumbai,upper,1,1,28,8,0,0,1,1.0
BK000697,Thursday,13,Surat-Mumbai,upper,1,1,23,5,0,0,1,0.989583259382777
BK000698,Thursday,23,Vadodara-Mumbai,lower,1,1,9,1,0,0,1,0.8674713492460826
BK000699,Friday,2,Ahmedabad-Vadodara,lower,3,1,12,4,0,0,1,0.8786822965444954
BK000700,Monday,11,Surat-Mumbai,upper,2,1,16,1,0,1,1,0.8508211440657938
BK000701,Wednesday,12,Surat-Mumbai,upper,4,1,17,6,0,0,1,0.847070787243836
BK000702,Thursday,1,Ahmedabad-Vadodara,upper,2,1,9,2,0,0,1,1.0
BK000703,Monday,2,Ahmedabad-Mumbai,lower,3,1,15,5,0,0,1,1.0
BK000704,Sunday,4,Ahmedabad-Vadodara,upper,3,1,19,7,1,0,1,0.7804861601283317
BK000705,Thursday,10,Surat-Mumbai,lower,2,1,4,2,0,1,1,0.7472413600553747
BK000706,Saturday,7,Ahmedabad-Mumbai,upper,2,1,12,6,1,0,1,0.9164347471328715
BK000707,Sunday,22,Ahmedabad-Mumbai,upper,3,1,17,6,1,0,1,0.9823836786720394
BK000708,Thursday,22,Ahmedabad-Vadodara,upper,1,1,16,5,0,0,1,1.0
BK000709,Wednesday,11,Surat-Mumbai,lower,1,1,8,5,0,1,1,0.9245576678414642
BK000710,Tuesday,6,Vadodara-Mumbai,lower,2,1,13,3,0,0,1,1.0
BK000711,Sunday,14,Surat-Mumbai,upper,2,1,16,10,1,0,1,0.8686434261482755
BK000712,Friday,23,Ahmedabad-Surat,lower,1,1,28,10,0,0,1,1.0
BK000713,Friday,16,Vadodara-Mumbai,upper,4,1,3,11,0,0,1,0.6844225875014576
BK000714,Wednesday,3,Ahmedabad-Mumbai,lower,2,1,17,12,0,0,1,0.8378412974048456
BK000715,Thursday,21,Vadodara-Mumbai,lower,2,0,26,2,0,0,1,0.8388600845067372
BK000716,Monday,12,Ahmedabad-Mumbai,lower,4,0,19,7,0,0,1,0.7606584634937019
BK000717,Thursday,17,Ahmedabad-Mumbai,upper,2,0,23,1,0,0,1,0.6863110707381406
BK000718,Wednesday,0,Vadodara-Mumbai,lower,4,1,23,6,0,0,1,1.0
BK000719,Friday,15,Ahmedabad-Mumbai,lower,2,0,14,6,0,0,1,0.6897459790070495
BK000720,Thursday,12,Ahmedabad-Mumbai,upper,1,0,10,3,0,0,1,0.9085830523312164
BK000721,Friday,9,Ahmedabad-Surat,upper,3,1,11,2,0,1,1,0.8817581382381943
BK000722,Sunday,11,Surat-Mumbai,upper,2,1,8,12,1,1,1,0.9106444071733414
BK000723,Monday,1,Surat-Mumbai,upper,3,1,12,2,0,0,1,0.9452639418042925
BK000724,Sunday,22,Ahmedabad-Surat,lower,4,1,14,9,1,0,1,0.7190804309133392
BK000725,Friday,2,Vadodara-Mumbai,lower,3,0,26,11,0,0,1,0.8455063903419384
BK000726,Friday,9,Ahmedabad-Vadodara,lower,2,1,14,5,0,1,1,0.9723288511848304
BK000727,Tuesday,1,Ahmedabad-Vadodara,lower,3,1,27,7,0,0,1,1.0
BK000728,Tuesday,22,Ahmedabad-Vadodara,lower,2,1,4,12,0,0,1,0.7791029521067216
BK000729,Sunday,12,Ahmedabad-Surat,upper,2,1,22,5,1,0,1,0.7960896227490227
BK000730,Saturday,12,Ahmedabad-Surat,lower,3,1,18,7,1,0,1,0.9719959890855997
BK000731,Sunday,17,Ahmedabad-Mumbai,lower,1,1,25,4,1,0,1,0.8073726387228364
BK000732,Tuesday,2,Ahmedabad-Vadodara,lower,3,1,19,8,0,0,1,0.984628674509878
BK000733,Friday,6,Vadodara-Mumbai,upper,3,0,25,11,0,0,1,0.8017143272542843
BK000734,Wednesday,13,Vadodara-Mumbai,upper,3,0,24,10,0,0,1,0.6923247094866666
BK000735,Sunday,19,Ahmedabad-Vadodara,lower,2,0,25,11,1,1,1,0.6041865422917093
BK000736,Friday,16,Ahmedabad-Vadodara,upper,3,0,25,10,0,0,1,0.7595685567508024
BK000737,Wednesday,20,Ahmedabad-Vadodara,upper,2,1,13,7,0,1,1,0.9258273461830461
BK000738,Wednesday,11,Ahmedabad-Surat,upper,3,0,27,10,0,1,1,0.8846371493075754
BK000739,Tuesday,15,Ahmedabad-Surat,upper,1,1,16,5,0,0,1,0.9304141562135914
BK000740,Sunday,23,Ahmedabad-Surat,upper,1,0,17,11,1,0,1,0.8734397817455045
BK000741,Thursday,11,Surat-Mumbai,upper,1,0,20,6,0,1,1,0.6666079450815229
BK000742,Monday,14,Vadodara-Mumbai,upper,2,1,2,5,0,0,1,0.8114363030119439
BK000743,Tuesday,9,Vadodara-Mumbai,lower,2,0,1,7,0,1,0,0.4711650191129684
BK000744,Tuesday,6,Ahmedabad-Mumbai,lower,3,1,0,12,0,0,1,0.9302098973391917
BK000745,Thursday,19,Ahmedabad-Surat,upper,2,1,9,2,0,1,1,0.949905384167217
BK000746,Monday,4,Surat-Mumbai,lower,2,0,18,5,0,0,1,0.8773849733613777
BK000747,Friday,0,Surat-Mumbai,lower,1,0,16,10,0,0,1,0.9771689144873993
BK000748,Saturday,16,Vadodara-Mumbai,upper,2,1,11,3,1,0,1,0.8942559386710489
BK000749,Sunday,2,Ahmedabad-Surat,lower,2,0,0,9,1,0,1,0.7206833191522873
BK000750,Saturday,12,Ahmedabad-Mumbai,upper,1,0,11,6,1,0,1,0.8441873843594314
BK000751,Friday,13,Ahmedabad-Surat,upper,1,0,16,10,0,0,1,1.0
BK000752,Tuesday,23,Ahmedabad-Vadodara,upper,1,0,23,3,0,0,1,0.8851395676031915
BK000753,Monday,17,Ahmedabad-Surat,lower,1,1,2,7,0,0,1,0.7351193238945588
BK000754,Tuesday,3,Ahmedabad-Vadodara,lower,2,1,10,4,0,0,1,0.9584533164269051
BK000755,Wednesday,17,Ahmedabad-Vadodara,lower,1,1,16,3,0,0,1,0.888061848418928
BK000756,Tuesday,4,Ahmedabad-Mumbai,lower,3,0,22,8,0,0,1,0.8577480437529215
BK000757,Tuesday,15,Vadodara-Mumbai,upper,3,0,25,4,0,0,1,0.8247479181582988
BK000758,Friday,0,Ahmedabad-Surat,upper,2,1,2,11,0,0,1,0.8367726193498344
BK000759,Friday,20,Ahmedabad-Vadodara,lower,4,1,7,1,0,1,1,0.5730140943164495
BK000760,Friday,13,Ahmedabad-Surat,upper,2,1,19,6,0,0,1,0.8584521474966091
BK000761,Saturday,14,Vadodara-Mumbai,upper,2,1,3,10,1,0,1,0.6973991295736393
BK000762,Wednesday,8,Vadodara-Mumbai,lower,4,1,20,11,0,0,1,1.0
BK000763,Friday,14,Surat-Mumbai,upper,1,1,21,11,0,0,1,0.9650827121065475
BK000764,Monday,16,Vadodara-Mumbai,lower,4,1,6,1,0,0,1,0.7773116078160903
BK000765,Saturday,23,Ahmedabad-Mumbai,upper,1,1,13,5,1,0,1,0.9644088267019867
BK000766,Thursday,3,Ahmedabad-Vadodara,lower,2,1,13,7,0,0,1,0.9811378271858353
BK000767,Monday,11,Surat-Mumbai,upper,1,0,3,6,0,1,1,0.5896778450294999
BK000768,Sunday,4,Ahmedabad-Mumbai,upper,3,1,15,2,1,0,1,0.8232449186702283
BK000769,Sunday,4,Ahmedabad-Surat,lower,2,1,23,11,1,0,1,0.7653099396571698
BK000770,Monday,10,Ahmedabad-Vadodara,lower,3,1,28,4,0,1,1,1.0
BK000771,Friday,5,Vadodara-Mumbai,lower,1,1,21,11,0,0,1,0.889190314467208
BK000772,Thursday,6,Ahmedabad-Vadodara,lower,1,1,29,2,0,0,1,0.9615510353699258
BK000773,Thursday,23,Ahmedabad-Surat,upper,1,0,0,11,0,0,1,0.5877516916660034
BK000774,Saturday,13,Surat-Mumbai,upper,1,1,16,1,1,0,1,0.816533847580064
BK000775,Thursday,23,Surat-Mumbai,lower,4,1,24,3,0,0,1,1.0
BK000776,Sunday,10,Surat-Mumbai,upper,1,1,9,3,1,1,1,0.730352569686664
BK000777,Wednesday,12,Vadodara-Mumbai,lower,3,1,21,12,0,0,1,0.8240190207586896
BK000778,Friday,1,Ahmedabad-Mumbai,lower,3,1,15,7,0,0,1,0.9423359539533569
BK000779,Thursday,6,Ahmedabad-Mumbai,upper,1,1,15,1,0,0,1,0.8529907704203555
BK000780,Saturday,19,Ahmedabad-Vadodara,upper,2,1,25,9,1,1,1,0.6454298463279
BK000781,Sunday,3,Vadodara-Mumbai,lower,1,1,7,11,1,0,1,0.8422877608688926
BK000782,Wednesday,7,Surat-Mumbai,lower,1,1,28,6,0,0,1,1.0
BK000783,Tuesday,19,Surat-Mumbai,lower,1,1,6,4,0,1,1,0.8945416461214688
BK000784,Tuesday,21,Ahmedabad-Surat,upper,2,0,27,3,0,0,1,0.9363546307732248
BK000785,Wednesday,20,Ahmedabad-Surat,upper,2,1,5,3,0,1,1,0.7749526689719454
BK000786,Sunday,18,Surat-Mumbai,upper,2,0,15,2,1,1,1,0.5156998571901988
BK000787,Saturday,12,Surat-Mumbai,upper,2,1,19,2,1,0,1,0.9348545853959972
BK000788,Wednesday,13,Vadodara-Mumbai,lower,1,1,15,12,0,0,1,1.0
BK000789,Friday,9,Ahmedabad-Mumbai,lower,2,1,6,10,0,1,1,0.8097246437315864
BK000790,Friday,10,Ahmedabad-Surat,lower,3,1,8,5,0,1,1,0.8725437105924079
BK000791,Tuesday,1,Ahmedabad-Mumbai,lower,1,0,13,9,0,0,1,0.7998705515948445
BK000792,Thursday,8,Vadodara-Mumbai,lower,1,0,10,2,0,0,1,0.983598992706618
BK000793,Saturday,16,Surat-Mumbai,lower,3,1,25,2,1,0,1,0.9181488429220415
BK000794,Tuesday,2,Ahmedabad-Mumbai,upper,1,1,25,12,0,0,1,1.0
BK000795,Thursday,23,Surat-Mumbai,upper,2,1,13,6,0,0,1,0.8467077793267799
BK000796,Thursday,5,Surat-Mumbai,lower,1,0,6,10,0,0,1,0.6476993749156165
BK000797,Friday,4,Ahmedabad-Vadodara,lower,1,0,0,2,0,0,1,0.6435394449644508
BK000798,Sunday,4,Ahmedabad-Mumbai,upper,1,0,25,12,1,0,1,0.867761930286401
BK000799,Monday,21,Ahmedabad-Mumbai,upper,1,0,24,4,0,0,1,0.7860721889350355
BK000800,Sunday,14,Surat-Mumbai,upper,2,1,12,6,1,0,1,0.7199979489469919
BK000801,Monday,22,Vadodara-Mumbai,upper,2,1,19,5,0,0,1,1.0
BK000802,Wednesday,16,Ahmedabad-Vadodara,lower,3,1,2,1,0,0,1,0.6574451634335446
BK000803,Friday,8,Surat-Mumbai,lower,3,1,19,6,0,0,1,1.0
BK000804,Thursday,2,Ahmedabad-Surat,lower,2,0,3,1,0,0,1,0.6396100524651958
BK000805,Saturday,19,Ahmedabad-Surat,lower,3,1,28,3,1,1,1,0.8724846379273445
BK000806,Monday,16,Ahmedabad-Vadodara,lower,1,0,25,10,0,0,1,0.8963861473633434
BK000807,Sunday,9,Vadodara-Mumbai,upper,2,0,10,5,1,1,1,0.770489368845908
BK000808,Thursday,2,Surat-Mumbai,lower,3,1,1,10,0,0,1,0.9278578959243879
BK000809,Monday,17,Ahmedabad-Mumbai,upper,1,0,13,5,0,0,1,0.7327294543842329
BK000810,Monday,17,Ahmedabad-Vadodara,lower,2,0,11,10,0,0,1,0.7026236527978365
BK000811,Monday,16,Vadodara-Mumbai,lower,1,1,29,6,0,0,1,0.9251076188712566
BK000812,Saturday,23,Ahmedabad-Mumbai,lower,2,1,16,12,1,0,1,0.9007946249090505
BK000813,Friday,2,Ahmedabad-Surat,lower,3,1,11,10,0,0,1,1.0
BK000814,Saturday,2,Ahmedabad-Surat,lower,3,0,25,8,1,0,1,0.7179825853881888
BK000815,Tuesday,5,Ahmedabad-Mumbai,upper,3,0,11,5,0,0,1,0.8620919348822795
BK000816,Thursday,12,Ahmedabad-Vadodara,upper,3,1,0,11,0,0,1,0.7065499558386683
BK000817,Friday,23,Ahmedabad-Surat,upper,2,0,12,1,0,0,1,0.9214900501645056
BK000818,Friday,14,Surat-Mumbai,lower,2,1,13,5,0,0,1,1.0
BK000819,Friday,8,Ahmedabad-Mumbai,lower,1,0,23,3,0,0,1,0.8105796798743793
BK000820,Sunday,3,Ahmedabad-Mumbai,upper,2,1,29,4,1,0,1,0.8484477854801639
BK000821,Friday,13,Ahmedabad-Surat,lower,2,0,1,8,0,0,1,0.5558348331519121
BK000822,Saturday,4,Ahmedabad-Vadodara,lower,4,1,11,7,1,0,1,0.8677409969388905
BK000823,Friday,1,Surat-Mumbai,upper,2,1,25,11,0,0,1,0.9508350325540041
BK000824,Wednesday,10,Ahmedabad-Vadodara,lower,2,1,20,5,0,1,1,0.7633309452465233
BK000825,Thursday,8,Vadodara-Mumbai,upper,2,0,27,2,0,0,1,0.8126198639354225
BK000826,Friday,23,Vadodara-Mumbai,lower,2,1,15,6,0,0,1,0.9002313956259689
BK000827,Thursday,2,Ahmedabad-Surat,upper,3,1,3,11,0,0,1,0.8065492625915567
BK000828,Wednesday,8,Ahmedabad-Surat,lower,1,1,7,6,0,0,1,0.8756963006286398
BK000829,Wednesday,2,Ahmedabad-Surat,lower,2,1,1,10,0,0,1,0.6525486735821628
BK000830,Thursday,1,Vadodara-Mumbai,upper,3,0,9,10,0,0,1,0.9083017948848666
BK000831,Monday,11,Ahmedabad-Vadodara,lower,2,0,8,11,0,1,1,0.8139042875585223
BK000832,Tuesday,9,Ahmedabad-Vadodara,lower,1,1,22,6,0,1,1,0.8798859158619567
BK000833,Sunday,8,Ahmedabad-Surat,upper,2,0,14,9,1,0,1,0.5958807806706454
BK000834,Monday,14,Surat-Mumbai,lower,3,1,12,11,0,0,1,1.0
BK000835,Monday,7,Ahmedabad-Vadodara,upper,1,1,22,8,0,0,1,1.0
BK000836,Saturday,4,Vadodara-Mumbai,lower,3,1,16,8,1,0,1,0.7720454788066042
BK000837,Sunday,10,Ahmedabad-Mumbai,lower,3,1,29,1,1,1,1,0.7170573841211114
BK000838,Sunday,1,Ahmedabad-Mumbai,lower,2,1,15,5,1,0,1,0.7551438668445445
BK000839,Monday,23,Ahmedabad-Mumbai,lower,4,0,27,7,0,0,1,0.8530808370034518
BK000840,Friday,14,Surat-Mumbai,upper,3,0,1,6,0,0,1,0.5764524183942364
BK000841,Saturday,5,Ahmedabad-Surat,lower,3,1,19,5,1,0,1,0.8068581830384138
BK000842,Saturday,7,Vadodara-Mumbai,upper,3,0,19,8,1,0,1,0.7891039041802789
BK000843,Wednesday,4,Surat-Mumbai,lower,1,0,26,3,0,0,1,0.8980347949028045
BK000844,Sunday,15,Vadodara-Mumbai,lower,1,1,13,6,1,0,1,0.8659387692983807
BK000845,Monday,17,Vadodara-Mumbai,lower,2,1,2,5,0,0,1,0.7760748805422625
BK000846,Wednesday,5,Ahmedabad-Surat,lower,1,1,22,8,0,0,1,1.0
BK000847,Thursday,4,Ahmedabad-Mumbai,upper,2,0,11,4,0,0,1,0.6817594183661484
BK000848,Tuesday,15,Ahmedabad-Surat,upper,3,0,7,8,0,0,1,0.5535529605360829
BK000849,Saturday,12,Surat-Mumbai,upper,3,0,1,10,1,0,1,0.6943774203289035
BK000850,Thursday,4,Surat-Mumbai,upper,2,1,3,2,0,0,1,0.6733636967273872
BK000851,Thursday,12,Surat-Mumbai,lower,3,1,13,9,0,0,1,1.0
BK000852,Friday,16,Ahmedabad-Surat,upper,3,1,15,9,0,0,1,1.0
BK000853,Tuesday,17,Vadodara-Mumbai,upper,2,1,18,10,0,0,1,0.8812050812905193
BK000854,Thursday,7,Vadodara-Mumbai,lower,1,1,1,10,0,0,1,0.8111474311178543
BK000855,Thursday,12,Ahmedabad-Vadodara,lower,2,1,11,6,0,0,1,0.9706764217534148
BK000856,Tuesday,18,Surat-Mumbai,lower,3,1,28,4,0,1,1,0.9845126908915754
BK000857,Tuesday,2,Vadodara-Mumbai,lower,2,1,13,4,0,0,1,1.0
BK000858,Thursday,23,Ahmedabad-Vadodara,upper,2,1,5,6,0,0,1,0.8718689744333803
BK000859,Tuesday,7,Vadodara-Mumbai,upper,1,1,12,5,0,0,1,0.8759859282564082
BK000860,Thursday,1,Surat-Mumbai,lower,3,1,3,6,0,0,1,0.8507462466604552
BK000861,Thursday,7,Ahmedabad-Mumbai,lower,3,1,21,7,0,0,1,0.9230911165617985
BK000862,Friday,12,Surat-Mumbai,lower,3,1,17,7,0,0,1,0.9412102998473184
BK000863,Monday,12,Ahmedabad-Surat,upper,4,1,11,9,0,0,1,0.8147445171035531
BK000864,Thursday,0,Vadodara-Mumbai,upper,3,1,19,8,0,0,1,0.8573186418039074
BK000865,Wednesday,5,Vadodara-Mumbai,lower,4,0,26,6,0,0,1,0.9171540822600943
BK000866,Saturday,23,Ahmedabad-Surat,lower,4,0,21,12,1,0,1,0.7161876499143579
BK000867,Sunday,18,Ahmedabad-Surat,upper,3,1,29,6,1,1,1,0.7104986724893447
BK000868,Monday,15,Ahmedabad-Mumbai,lower,2,1,20,5,0,0,1,0.9152057221894874
BK000869,Monday,7,Vadodara-Mumbai,lower,1,0,18,1,0,0,1,0.986319853997704
BK000870,Monday,0,Vadodara-Mumbai,upper,2,1,7,9,0,0,1,0.874699705221487
BK000871,Friday,15,Ahmedabad-Mumbai,lower,2,0,6,9,0,0,1,0.6116946191543248
BK000872,Thursday,8,Ahmedabad-Vadodara,upper,1,0,15,9,0,0,1,0.7652505520637121
BK000873,Friday,12,Ahmedabad-Mumbai,lower,1,1,18,11,0,0,1,0.9255994664932216
BK000874,Thursday,10,Surat-Mumbai,lower,4,0,5,8,0,1,1,0.7262269353164201
BK000875,Friday,12,Vadodara-Mumbai,upper,3,0,19,10,0,0,1,0.8544766513549266
BK000876,Friday,20,Ahmedabad-Surat,upper,3,1,26,3,0,1,1,0.8800440626234348
BK000877,Saturday,9,Surat-Mumbai,lower,2,1,20,1,1,1,1,0.7989180799077384
BK000878,Wednesday,3,Vadodara-Mumbai,upper,1,1,10,11,0,0,1,0.9598084797239546
BK000879,Friday,5,Ahmedabad-Mumbai,lower,1,1,4,12,0,0,1,0.9421321060958538
BK000880,Saturday,6,Surat-Mumbai,lower,1,1,15,12,1,0,1,0.906985874790075
BK000881,Tuesday,4,Vadodara-Mumbai,upper,1,0,6,8,0,0,1,0.6150243708306387
BK000882,Wednesday,10,Ahmedabad-Vadodara,lower,1,1,26,7,0,1,1,0.8087195374487189
BK000883,Friday,12,Ahmedabad-Vadodara,lower,4,0,4,5,0,0,1,0.6910577439507855
BK000884,Sunday,18,Ahmedabad-Surat,upper,3,1,10,10,1,1,1,0.9009710654212517
BK000885,Monday,22,Vadodara-Mumbai,upper,1,1,14,7,0,0,1,0.9425056365028597
BK000886,Tuesday,9,Ahmedabad-Vadodara,lower,1,1,2,10,0,1,1,0.8808623506577655
BK000887,Tuesday,9,Ahmedabad-Mumbai,upper,2,0,25,4,0,1,1,0.8292286759736638
BK000888,Saturday,10,Vadodara-Mumbai,upper,1,1,4,9,1,1,1,0.5943437328720721
BK000889,Tuesday,20,Ahmedabad-Mumbai,upper,4,0,22,11,0,1,1,0.6109022244948727
BK000890,Wednesday,6,Ahmedabad-Mumbai,upper,2,0,20,10,0,0,1,0.7105541795427148
BK000891,Friday,17,Ahmedabad-Vadodara,lower,2,1,4,2,0,0,1,0.868548180154232
BK000892,Friday,3,Vadodara-Mumbai,lower,1,0,8,9,0,0,1,0.789900921412194
BK000893,Sunday,1,Surat-Mumbai,lower,1,1,14,9,1,0,1,0.8613812761516182
BK000894,Monday,13,Ahmedabad-Vadodara,upper,2,0,2,5,0,0,1,0.6805097498019274
BK000895,Saturday,12,Ahmedabad-Vadodara,upper,3,1,28,11,1,0,1,0.9176404505350488
BK000896,Monday,11,Vadodara-Mumbai,upper,2,1,5,1,0,1,1,0.6039693669777376
BK000897,Tuesday,6,Vadodara-Mumbai,upper,1,1,16,7,0,0,1,0.9719099215832384
BK000898,Sunday,1,Ahmedabad-Mumbai,upper,2,1,25,10,1,0,1,0.8455218727428087
BK000899,Monday,12,Vadodara-Mumbai,upper,2,1,20,10,0,0,1,0.9622481191914618
BK000900,Wednesday,13,Ahmedabad-Mumbai,upper,3,1,7,4,0,0,1,0.8955081924185649
BK000901,Friday,16,Ahmedabad-Vadodara,lower,1,1,20,9,0,0,1,0.9015034585129651
BK000902,Tuesday,8,Ahmedabad-Surat,lower,1,1,24,6,0,0,1,1.0
BK000903,Sunday,16,Surat-Mumbai,upper,2,1,10,3,1,0,1,0.9078635283089956
BK000904,Monday,7,Ahmedabad-Vadodara,upper,2,1,5,6,0,0,1,0.8167612442596878
BK000905,Saturday,1,Vadodara-Mumbai,upper,2,1,7,10,1,0,1,0.7598583611207715
BK000906,Wednesday,23,Surat-Mumbai,lower,2,1,9,6,0,0,1,0.9236053216854969
BK000907,Wednesday,12,Ahmedabad-Surat,lower,2,1,23,5,0,0,1,0.8415192757904373
BK000908,Monday,2,Ahmedabad-Surat,upper,3,1,28,2,0,0,1,0.9997295720796102
BK000909,Friday,15,Ahmedabad-Mumbai,upper,2,0,2,10,0,0,1,0.6874016920056867
BK000910,Monday,5,Surat-Mumbai,lower,4,0,22,10,0,0,1,0.8718124401628327
BK000911,Tuesday,18,Ahmedabad-Mumbai,lower,2,1,13,2,0,1,1,0.821399634308547
BK000912,Monday,6,Ahmedabad-Vadodara,lower,4,0,22,7,0,0,1,0.9520599732019507
BK000913,Wednesday,9,Surat-Mumbai,lower,3,1,13,2,0,1,1,0.8962109605726731
BK000914,Sunday,8,Ahmedabad-Vadodara,upper,1,1,9,12,1,0,1,0.7756207452872622
BK000915,Monday,1,Ahmedabad-Mumbai,lower,3,1,11,6,0,0,1,0.9349411972113286
BK000916,Friday,14,Surat-Mumbai,lower,1,0,5,5,0,0,1,0.8069068164230903
BK000917,Sunday,4,Ahmedabad-Mumbai,upper,4,0,11,4,1,0,1,0.8182403685196817
BK000918,Saturday,21,Surat-Mumbai,lower,2,1,22,7,1,0,1,0.8483791158291276
BK000919,Thursday,3,Ahmedabad-Mumbai,lower,1,1,13,8,0,0,1,1.0
BK000920,Monday,19,Ahmedabad-Surat,lower,2,1,1,4,0,1,1,0.6503005311582892
BK000921,Friday,3,Ahmedabad-Mumbai,upper,4,1,8,1,0,0,1,0.9231796091714799
BK000922,Sunday,17,Ahmedabad-Surat,lower,1,1,9,1,1,0,1,1.0
BK000923,Friday,3,Ahmedabad-Mumbai,upper,2,1,25,1,0,0,1,1.0
BK000924,Saturday,16,Surat-Mumbai,upper,3,1,16,11,1,0,1,0.9057138306474042
BK000925,Wednesday,11,Surat-Mumbai,lower,3,0,16,1,0,1,1,0.857694164136666
BK000926,Friday,21,Surat-Mumbai,lower,2,1,2,5,0,0,1,0.6766319800868698
BK000927,Sunday,16,Vadodara-Mumbai,lower,1,1,29,4,1,0,1,1.0
BK000928,Friday,9,Ahmedabad-Vadodara,lower,1,1,18,9,0,1,1,0.8661859719650681
BK000929,Friday,21,Surat-Mumbai,upper,2,0,0,3,0,0,1,0.5834994537284648
BK000930,Friday,0,Ahmedabad-Surat,lower,2,1,11,7,0,0,1,0.8718109509026138
BK000931,Tuesday,21,Surat-Mumbai,lower,4,1,6,11,0,0,1,0.775390552404166
BK000932,Tuesday,23,Vadodara-Mumbai,lower,1,1,3,8,0,0,1,0.7753576013813401
BK000933,Wednesday,17,Ahmedabad-Surat,upper,2,0,9,6,0,0,1,0.7761702758049497
BK000934,Monday,17,Vadodara-Mumbai,lower,1,1,12,12,0,0,1,0.8904935458214926
BK000935,Friday,13,Ahmedabad-Surat,lower,1,1,1,10,0,0,1,0.7888530296676995
BK000936,Saturday,14,Ahmedabad-Mumbai,upper,2,1,9,1,1,0,1,0.8716851443626004
BK000937,Monday,11,Ahmedabad-Vadodara,upper,2,1,20,8,0,1,1,0.8525561124273192
BK000938,Saturday,3,Ahmedabad-Vadodara,lower,2,1,21,10,1,0,1,0.8040156283707733
BK000939,Monday,2,Vadodara-Mumbai,lower,4,1,24,3,0,0,1,1.0
BK000940,Wednesday,19,Ahmedabad-Vadodara,lower,2,1,3,8,0,1,1,0.8380529914179954
BK000941,Friday,11,Vadodara-Mumbai,lower,4,1,17,12,0,1,1,0.9470367668707191
BK000942,Friday,6,Vadodara-Mumbai,lower,3,0,4,4,0,0,1,0.6296002106353037
BK000943,Thursday,10,Vadodara-Mumbai,upper,2,1,18,8,0,1,1,0.9433326503512661
BK000944,Saturday,0,Ahmedabad-Vadodara,upper,3,0,1,11,1,0,0,0.47559405474221533
BK000945,Monday,5,Vadodara-Mumbai,lower,2,1,11,1,0,0,1,0.8390953964273873
BK000946,Monday,14,Ahmedabad-Vadodara,lower,1,0,16,3,0,0,1,0.8336881111108477
BK000947,Tuesday,14,Vadodara-Mumbai,upper,3,0,9,6,0,0,1,0.922310710713217
BK000948,Thursday,18,Surat-Mumbai,lower,1,1,1,9,0,1,1,0.6939044741726905
BK000949,Sunday,10,Vadodara-Mumbai,lower,2,0,5,2,1,1,0,0.3689760226696039
BK000950,Sunday,22,Ahmedabad-Surat,lower,3,1,7,11,1,0,1,0.5895128605619064
BK000951,Tuesday,1,Vadodara-Mumbai,lower,1,0,28,1,0,0,1,0.987623490558874
BK000952,Tuesday,13,Ahmedabad-Mumbai,lower,1,1,18,10,0,0,1,1.0
BK000953,Tuesday,1,Vadodara-Mumbai,upper,4,1,10,3,0,0,1,0.875960349010993
BK000954,Saturday,3,Ahmedabad-Surat,lower,2,1,24,4,1,0,1,0.8665887475984544
BK000955,Saturday,16,Ahmedabad-Surat,lower,1,1,11,11,1,0,1,0.9082738867276051
BK000956,Wednesday,2,Ahmedabad-Vadodara,lower,2,0,8,5,0,0,1,0.8766307935321983
BK000957,Wednesday,12,Surat-Mumbai,upper,2,1,1,3,0,0,1,0.7199562663264848
BK000958,Tuesday,8,Vadodara-Mumbai,upper,2,0,7,10,0,0,1,0.7893208961583192
BK000959,Thursday,6,Ahmedabad-Vadodara,upper,4,1,25,11,0,0,1,0.8928105686240038
BK000960,Monday,14,Surat-Mumbai,upper,2,1,10,2,0,0,1,1.0
BK000961,Saturday,22,Vadodara-Mumbai,lower,1,1,27,2,1,0,1,0.7548373939116645
BK000962,Thursday,10,Ahmedabad-Mumbai,upper,3,0,20,7,0,1,1,0.7117971389682441
BK000963,Friday,19,Vadodara-Mumbai,lower,3,1,3,9,0,1,1,0.6755129453876425
BK000964,Saturday,1,Ahmedabad-Surat,lower,1,0,9,10,1,0,1,0.7930453285749044
BK000965,Saturday,14,Ahmedabad-Surat,upper,1,1,20,2,1,0,1,0.771820878533159
BK000966,Wednesday,13,Ahmedabad-Mumbai,upper,1,1,19,7,0,0,1,1.0
BK000967,Monday,19,Ahmedabad-Vadodara,upper,2,1,15,7,0,1,1,0.7853342405302706
BK000968,Monday,21,Surat-Mumbai,upper,2,0,7,11,0,0,1,0.733111344464603
BK000969,Sunday,10,Vadodara-Mumbai,upper,2,0,3,7,1,1,1,0.590963636973228
BK000970,Sunday,2,Ahmedabad-Surat,lower,4,1,28,3,1,0,1,0.8685630868724539
BK000971,Sunday,16,Ahmedabad-Vadodara,upper,3,0,9,12,1,0,1,0.8022649620165956
BK000972,Sunday,11,Ahmedabad-Mumbai,upper,1,0,11,7,1,1,1,0.7485580936645018
BK000973,Friday,23,Ahmedabad-Surat,upper,1,1,28,1,0,0,1,0.9566589391456023
BK000974,Friday,20,Ahmedabad-Mumbai,lower,2,0,13,10,0,1,1,0.8426575617100696
BK000975,Saturday,14,Vadodara-Mumbai,upper,1,0,15,1,1,0,1,0.7184104109656584
BK000976,Tuesday,15,Surat-Mumbai,lower,2,1,21,5,0,0,1,0.9713638753254551
BK000977,Wednesday,4,Ahmedabad-Surat,upper,3,1,17,2,0,0,1,1.0
BK000978,Wednesday,19,Ahmedabad-Surat,upper,1,0,20,9,0,1,1,0.7636867729437523
BK000979,Sunday,5,Vadodara-Mumbai,lower,2,0,21,7,1,0,1,0.6708302822852275
BK000980,Saturday,18,Ahmedabad-Vadodara,upper,3,1,20,4,1,1,1,0.7578038030518468
BK000981,Thursday,4,Surat-Mumbai,lower,2,0,11,4,0,0,1,0.925389048304746
BK000982,Tuesday,2,Ahmedabad-Surat,lower,1,1,17,2,0,0,1,1.0
BK000983,Saturday,0,Surat-Mumbai,lower,2,0,29,5,1,0,1,0.743525023857967
BK000984,Tuesday,5,Ahmedabad-Surat,upper,1,1,6,4,0,0,1,0.8984398615970955
BK000985,Tuesday,14,Surat-Mumbai,upper,4,1,19,12,0,0,1,1.0
BK000986,Tuesday,1,Ahmedabad-Mumbai,upper,1,1,23,1,0,0,1,0.8795640554238827
BK000987,Saturday,2,Ahmedabad-Surat,lower,2,1,22,12,1,0,1,0.7696235733598495
BK000988,Sunday,16,Surat-Mumbai,upper,2,1,6,8,1,0,1,0.7626700018754746
BK000989,Wednesday,23,Ahmedabad-Vadodara,lower,4,0,8,3,0,0,1,0.9271233385736899
BK000990,Wednesday,11,Ahmedabad-Mumbai,upper,1,0,0,6,0,1,1,0.7571087084991734
BK000991,Sunday,17,Ahmedabad-Mumbai,lower,1,1,25,4,1,0,1,0.8745321530564798
BK000992,Tuesday,14,Ahmedabad-Vadodara,lower,1,0,5,9,0,0,1,0.60680197068756
BK000993,Thursday,11,Surat-Mumbai,lower,1,0,5,7,0,1,1,0.631334443189886
BK000994,Monday,15,Vadodara-Mumbai,upper,1,1,21,9,0,0,1,0.9192203770621161
BK000995,Saturday,7,Ahmedabad-Vadodara,lower,2,1,28,10,1,0,1,0.7873589364989872
BK000996,Monday,13,Surat-Mumbai,lower,1,1,11,3,0,0,1,1.0
BK000997,Sunday,16,Ahmedabad-Vadodara,lower,1,1,21,1,1,0,1,0.772658125807766
BK000998,Thursday,20,Ahmedabad-Vadodara,lower,3,1,11,5,0,1,1,0.9682743652442106
BK000999,Saturday,7,Ahmedabad-Surat,lower,1,0,9,3,1,0,1,0.7583007257472507
